ERROR 2026-01-08 16:38:57,961 log 40839 140735715763072 Internal Server Error: /api/users/stats/
Traceback (most recent call last):
  File "/Users/mac/Desktop/driving_school_saas/venv/lib/python3.13/site-packages/django/urls/base.py", line 81, in reverse
    extra, resolver = resolver.namespace_dict[ns]
                      ~~~~~~~~~~~~~~~~~~~~~~~^^^^
KeyError: 'djdt'

During handling of the above exception, another exception occurred:

Traceback (most recent call last):
  File "/Users/mac/Desktop/driving_school_saas/venv/lib/python3.13/site-packages/django/core/handlers/exception.py", line 55, in inner
    response = get_response(request)
  File "/Users/mac/Desktop/driving_school_saas/venv/lib/python3.13/site-packages/debug_toolbar/middleware.py", line 145, in __call__
    return self._postprocess(request, response, toolbar)
           ~~~~~~~~~~~~~~~~~^^^^^^^^^^^^^^^^^^^^^^^^^^^^
  File "/Users/mac/Desktop/driving_school_saas/venv/lib/python3.13/site-packages/debug_toolbar/middleware.py", line 187, in _postprocess
    rendered = toolbar.render_toolbar()
  File "/Users/mac/Desktop/driving_school_saas/venv/lib/python3.13/site-packages/debug_toolbar/toolbar.py", line 93, in render_toolbar
    return render_to_string("debug_toolbar/base.html", context)
  File "/Users/mac/Desktop/driving_school_saas/venv/lib/python3.13/site-packages/django/template/loader.py", line 62, in render_to_string
    return template.render(context, request)
           ~~~~~~~~~~~~~~~^^^^^^^^^^^^^^^^^^
  File "/Users/mac/Desktop/driving_school_saas/venv/lib/python3.13/site-packages/django/template/backends/django.py", line 107, in render
    return self.template.render(context)
           ~~~~~~~~~~~~~~~~~~~~^^^^^^^^^
  File "/Users/mac/Desktop/driving_school_saas/venv/lib/python3.13/site-packages/django/template/base.py", line 171, in render
    return self._render(context)
           ~~~~~~~~~~~~^^^^^^^^^
  File "/Users/mac/Desktop/driving_school_saas/venv/lib/python3.13/site-packages/django/test/utils.py", line 114, in instrumented_test_render
    return self.nodelist.render(context)
           ~~~~~~~~~~~~~~~~~~~~^^^^^^^^^
  File "/Users/mac/Desktop/driving_school_saas/venv/lib/python3.13/site-packages/django/template/base.py", line 1016, in render
    return SafeString("".join([node.render_annotated(context) for node in self]))
                               ~~~~~~~~~~~~~~~~~~~~~^^^^^^^^^
  File "/Users/mac/Desktop/driving_school_saas/venv/lib/python3.13/site-packages/django/template/base.py", line 977, in render_annotated
    return self.render(context)
           ~~~~~~~~~~~^^^^^^^^^
  File "/Users/mac/Desktop/driving_school_saas/venv/lib/python3.13/site-packages/django/template/defaulttags.py", line 327, in render
    return nodelist.render(context)
           ~~~~~~~~~~~~~~~^^^^^^^^^
  File "/Users/mac/Desktop/driving_school_saas/venv/lib/python3.13/site-packages/django/template/base.py", line 1016, in render
    return SafeString("".join([node.render_annotated(context) for node in self]))
                               ~~~~~~~~~~~~~~~~~~~~~^^^^^^^^^
  File "/Users/mac/Desktop/driving_school_saas/venv/lib/python3.13/site-packages/django/template/base.py", line 977, in render_annotated
    return self.render(context)
           ~~~~~~~~~~~^^^^^^^^^
  File "/Users/mac/Desktop/driving_school_saas/venv/lib/python3.13/site-packages/django/template/defaulttags.py", line 480, in render
    url = reverse(view_name, args=args, kwargs=kwargs, current_app=current_app)
  File "/Users/mac/Desktop/driving_school_saas/venv/lib/python3.13/site-packages/django/urls/base.py", line 92, in reverse
    raise NoReverseMatch("%s is not a registered namespace" % key)
django.urls.exceptions.NoReverseMatch: 'djdt' is not a registered namespace
ERROR 2026-01-08 16:39:00,823 log 40839 140735715763072 Internal Server Error: /api/users/stats/
Traceback (most recent call last):
  File "/Users/mac/Desktop/driving_school_saas/venv/lib/python3.13/site-packages/django/urls/base.py", line 81, in reverse
    extra, resolver = resolver.namespace_dict[ns]
                      ~~~~~~~~~~~~~~~~~~~~~~~^^^^
KeyError: 'djdt'

During handling of the above exception, another exception occurred:

Traceback (most recent call last):
  File "/Users/mac/Desktop/driving_school_saas/venv/lib/python3.13/site-packages/django/core/handlers/exception.py", line 55, in inner
    response = get_response(request)
  File "/Users/mac/Desktop/driving_school_saas/venv/lib/python3.13/site-packages/debug_toolbar/middleware.py", line 145, in __call__
    return self._postprocess(request, response, toolbar)
           ~~~~~~~~~~~~~~~~~^^^^^^^^^^^^^^^^^^^^^^^^^^^^
  File "/Users/mac/Desktop/driving_school_saas/venv/lib/python3.13/site-packages/debug_toolbar/middleware.py", line 187, in _postprocess
    rendered = toolbar.render_toolbar()
  File "/Users/mac/Desktop/driving_school_saas/venv/lib/python3.13/site-packages/debug_toolbar/toolbar.py", line 93, in render_toolbar
    return render_to_string("debug_toolbar/base.html", context)
  File "/Users/mac/Desktop/driving_school_saas/venv/lib/python3.13/site-packages/django/template/loader.py", line 62, in render_to_string
    return template.render(context, request)
           ~~~~~~~~~~~~~~~^^^^^^^^^^^^^^^^^^
  File "/Users/mac/Desktop/driving_school_saas/venv/lib/python3.13/site-packages/django/template/backends/django.py", line 107, in render
    return self.template.render(context)
           ~~~~~~~~~~~~~~~~~~~~^^^^^^^^^
  File "/Users/mac/Desktop/driving_school_saas/venv/lib/python3.13/site-packages/django/template/base.py", line 171, in render
    return self._render(context)
           ~~~~~~~~~~~~^^^^^^^^^
  File "/Users/mac/Desktop/driving_school_saas/venv/lib/python3.13/site-packages/django/test/utils.py", line 114, in instrumented_test_render
    return self.nodelist.render(context)
           ~~~~~~~~~~~~~~~~~~~~^^^^^^^^^
  File "/Users/mac/Desktop/driving_school_saas/venv/lib/python3.13/site-packages/django/template/base.py", line 1016, in render
    return SafeString("".join([node.render_annotated(context) for node in self]))
                               ~~~~~~~~~~~~~~~~~~~~~^^^^^^^^^
  File "/Users/mac/Desktop/driving_school_saas/venv/lib/python3.13/site-packages/django/template/base.py", line 977, in render_annotated
    return self.render(context)
           ~~~~~~~~~~~^^^^^^^^^
  File "/Users/mac/Desktop/driving_school_saas/venv/lib/python3.13/site-packages/django/template/defaulttags.py", line 327, in render
    return nodelist.render(context)
           ~~~~~~~~~~~~~~~^^^^^^^^^
  File "/Users/mac/Desktop/driving_school_saas/venv/lib/python3.13/site-packages/django/template/base.py", line 1016, in render
    return SafeString("".join([node.render_annotated(context) for node in self]))
                               ~~~~~~~~~~~~~~~~~~~~~^^^^^^^^^
  File "/Users/mac/Desktop/driving_school_saas/venv/lib/python3.13/site-packages/django/template/base.py", line 977, in render_annotated
    return self.render(context)
           ~~~~~~~~~~~^^^^^^^^^
  File "/Users/mac/Desktop/driving_school_saas/venv/lib/python3.13/site-packages/django/template/defaulttags.py", line 480, in render
    url = reverse(view_name, args=args, kwargs=kwargs, current_app=current_app)
  File "/Users/mac/Desktop/driving_school_saas/venv/lib/python3.13/site-packages/django/urls/base.py", line 92, in reverse
    raise NoReverseMatch("%s is not a registered namespace" % key)
django.urls.exceptions.NoReverseMatch: 'djdt' is not a registered namespace
ERROR 2026-01-08 16:39:02,011 log 40839 140735715763072 Internal Server Error: /api/users/register_student/
Traceback (most recent call last):
  File "/Users/mac/Desktop/driving_school_saas/venv/lib/python3.13/site-packages/django/urls/base.py", line 81, in reverse
    extra, resolver = resolver.namespace_dict[ns]
                      ~~~~~~~~~~~~~~~~~~~~~~~^^^^
KeyError: 'djdt'

During handling of the above exception, another exception occurred:

Traceback (most recent call last):
  File "/Users/mac/Desktop/driving_school_saas/venv/lib/python3.13/site-packages/django/core/handlers/exception.py", line 55, in inner
    response = get_response(request)
  File "/Users/mac/Desktop/driving_school_saas/venv/lib/python3.13/site-packages/debug_toolbar/middleware.py", line 145, in __call__
    return self._postprocess(request, response, toolbar)
           ~~~~~~~~~~~~~~~~~^^^^^^^^^^^^^^^^^^^^^^^^^^^^
  File "/Users/mac/Desktop/driving_school_saas/venv/lib/python3.13/site-packages/debug_toolbar/middleware.py", line 187, in _postprocess
    rendered = toolbar.render_toolbar()
  File "/Users/mac/Desktop/driving_school_saas/venv/lib/python3.13/site-packages/debug_toolbar/toolbar.py", line 93, in render_toolbar
    return render_to_string("debug_toolbar/base.html", context)
  File "/Users/mac/Desktop/driving_school_saas/venv/lib/python3.13/site-packages/django/template/loader.py", line 62, in render_to_string
    return template.render(context, request)
           ~~~~~~~~~~~~~~~^^^^^^^^^^^^^^^^^^
  File "/Users/mac/Desktop/driving_school_saas/venv/lib/python3.13/site-packages/django/template/backends/django.py", line 107, in render
    return self.template.render(context)
           ~~~~~~~~~~~~~~~~~~~~^^^^^^^^^
  File "/Users/mac/Desktop/driving_school_saas/venv/lib/python3.13/site-packages/django/template/base.py", line 171, in render
    return self._render(context)
           ~~~~~~~~~~~~^^^^^^^^^
  File "/Users/mac/Desktop/driving_school_saas/venv/lib/python3.13/site-packages/django/test/utils.py", line 114, in instrumented_test_render
    return self.nodelist.render(context)
           ~~~~~~~~~~~~~~~~~~~~^^^^^^^^^
  File "/Users/mac/Desktop/driving_school_saas/venv/lib/python3.13/site-packages/django/template/base.py", line 1016, in render
    return SafeString("".join([node.render_annotated(context) for node in self]))
                               ~~~~~~~~~~~~~~~~~~~~~^^^^^^^^^
  File "/Users/mac/Desktop/driving_school_saas/venv/lib/python3.13/site-packages/django/template/base.py", line 977, in render_annotated
    return self.render(context)
           ~~~~~~~~~~~^^^^^^^^^
  File "/Users/mac/Desktop/driving_school_saas/venv/lib/python3.13/site-packages/django/template/defaulttags.py", line 327, in render
    return nodelist.render(context)
           ~~~~~~~~~~~~~~~^^^^^^^^^
  File "/Users/mac/Desktop/driving_school_saas/venv/lib/python3.13/site-packages/django/template/base.py", line 1016, in render
    return SafeString("".join([node.render_annotated(context) for node in self]))
                               ~~~~~~~~~~~~~~~~~~~~~^^^^^^^^^
  File "/Users/mac/Desktop/driving_school_saas/venv/lib/python3.13/site-packages/django/template/base.py", line 977, in render_annotated
    return self.render(context)
           ~~~~~~~~~~~^^^^^^^^^
  File "/Users/mac/Desktop/driving_school_saas/venv/lib/python3.13/site-packages/django/template/defaulttags.py", line 480, in render
    url = reverse(view_name, args=args, kwargs=kwargs, current_app=current_app)
  File "/Users/mac/Desktop/driving_school_saas/venv/lib/python3.13/site-packages/django/urls/base.py", line 92, in reverse
    raise NoReverseMatch("%s is not a registered namespace" % key)
django.urls.exceptions.NoReverseMatch: 'djdt' is not a registered namespace
ERROR 2026-01-08 16:39:03,024 log 40839 140735715763072 Internal Server Error: /api/users/school_users/
Traceback (most recent call last):
  File "/Users/mac/Desktop/driving_school_saas/venv/lib/python3.13/site-packages/django/urls/base.py", line 81, in reverse
    extra, resolver = resolver.namespace_dict[ns]
                      ~~~~~~~~~~~~~~~~~~~~~~~^^^^
KeyError: 'djdt'

During handling of the above exception, another exception occurred:

Traceback (most recent call last):
  File "/Users/mac/Desktop/driving_school_saas/venv/lib/python3.13/site-packages/django/core/handlers/exception.py", line 55, in inner
    response = get_response(request)
  File "/Users/mac/Desktop/driving_school_saas/venv/lib/python3.13/site-packages/debug_toolbar/middleware.py", line 145, in __call__
    return self._postprocess(request, response, toolbar)
           ~~~~~~~~~~~~~~~~~^^^^^^^^^^^^^^^^^^^^^^^^^^^^
  File "/Users/mac/Desktop/driving_school_saas/venv/lib/python3.13/site-packages/debug_toolbar/middleware.py", line 187, in _postprocess
    rendered = toolbar.render_toolbar()
  File "/Users/mac/Desktop/driving_school_saas/venv/lib/python3.13/site-packages/debug_toolbar/toolbar.py", line 93, in render_toolbar
    return render_to_string("debug_toolbar/base.html", context)
  File "/Users/mac/Desktop/driving_school_saas/venv/lib/python3.13/site-packages/django/template/loader.py", line 62, in render_to_string
    return template.render(context, request)
           ~~~~~~~~~~~~~~~^^^^^^^^^^^^^^^^^^
  File "/Users/mac/Desktop/driving_school_saas/venv/lib/python3.13/site-packages/django/template/backends/django.py", line 107, in render
    return self.template.render(context)
           ~~~~~~~~~~~~~~~~~~~~^^^^^^^^^
  File "/Users/mac/Desktop/driving_school_saas/venv/lib/python3.13/site-packages/django/template/base.py", line 171, in render
    return self._render(context)
           ~~~~~~~~~~~~^^^^^^^^^
  File "/Users/mac/Desktop/driving_school_saas/venv/lib/python3.13/site-packages/django/test/utils.py", line 114, in instrumented_test_render
    return self.nodelist.render(context)
           ~~~~~~~~~~~~~~~~~~~~^^^^^^^^^
  File "/Users/mac/Desktop/driving_school_saas/venv/lib/python3.13/site-packages/django/template/base.py", line 1016, in render
    return SafeString("".join([node.render_annotated(context) for node in self]))
                               ~~~~~~~~~~~~~~~~~~~~~^^^^^^^^^
  File "/Users/mac/Desktop/driving_school_saas/venv/lib/python3.13/site-packages/django/template/base.py", line 977, in render_annotated
    return self.render(context)
           ~~~~~~~~~~~^^^^^^^^^
  File "/Users/mac/Desktop/driving_school_saas/venv/lib/python3.13/site-packages/django/template/defaulttags.py", line 327, in render
    return nodelist.render(context)
           ~~~~~~~~~~~~~~~^^^^^^^^^
  File "/Users/mac/Desktop/driving_school_saas/venv/lib/python3.13/site-packages/django/template/base.py", line 1016, in render
    return SafeString("".join([node.render_annotated(context) for node in self]))
                               ~~~~~~~~~~~~~~~~~~~~~^^^^^^^^^
  File "/Users/mac/Desktop/driving_school_saas/venv/lib/python3.13/site-packages/django/template/base.py", line 977, in render_annotated
    return self.render(context)
           ~~~~~~~~~~~^^^^^^^^^
  File "/Users/mac/Desktop/driving_school_saas/venv/lib/python3.13/site-packages/django/template/defaulttags.py", line 480, in render
    url = reverse(view_name, args=args, kwargs=kwargs, current_app=current_app)
  File "/Users/mac/Desktop/driving_school_saas/venv/lib/python3.13/site-packages/django/urls/base.py", line 92, in reverse
    raise NoReverseMatch("%s is not a registered namespace" % key)
django.urls.exceptions.NoReverseMatch: 'djdt' is not a registered namespace
ERROR 2026-01-08 16:39:04,163 log 40839 140735715763072 Internal Server Error: /api/users/stats/
Traceback (most recent call last):
  File "/Users/mac/Desktop/driving_school_saas/venv/lib/python3.13/site-packages/django/urls/base.py", line 81, in reverse
    extra, resolver = resolver.namespace_dict[ns]
                      ~~~~~~~~~~~~~~~~~~~~~~~^^^^
KeyError: 'djdt'

During handling of the above exception, another exception occurred:

Traceback (most recent call last):
  File "/Users/mac/Desktop/driving_school_saas/venv/lib/python3.13/site-packages/django/core/handlers/exception.py", line 55, in inner
    response = get_response(request)
  File "/Users/mac/Desktop/driving_school_saas/venv/lib/python3.13/site-packages/debug_toolbar/middleware.py", line 145, in __call__
    return self._postprocess(request, response, toolbar)
           ~~~~~~~~~~~~~~~~~^^^^^^^^^^^^^^^^^^^^^^^^^^^^
  File "/Users/mac/Desktop/driving_school_saas/venv/lib/python3.13/site-packages/debug_toolbar/middleware.py", line 187, in _postprocess
    rendered = toolbar.render_toolbar()
  File "/Users/mac/Desktop/driving_school_saas/venv/lib/python3.13/site-packages/debug_toolbar/toolbar.py", line 93, in render_toolbar
    return render_to_string("debug_toolbar/base.html", context)
  File "/Users/mac/Desktop/driving_school_saas/venv/lib/python3.13/site-packages/django/template/loader.py", line 62, in render_to_string
    return template.render(context, request)
           ~~~~~~~~~~~~~~~^^^^^^^^^^^^^^^^^^
  File "/Users/mac/Desktop/driving_school_saas/venv/lib/python3.13/site-packages/django/template/backends/django.py", line 107, in render
    return self.template.render(context)
           ~~~~~~~~~~~~~~~~~~~~^^^^^^^^^
  File "/Users/mac/Desktop/driving_school_saas/venv/lib/python3.13/site-packages/django/template/base.py", line 171, in render
    return self._render(context)
           ~~~~~~~~~~~~^^^^^^^^^
  File "/Users/mac/Desktop/driving_school_saas/venv/lib/python3.13/site-packages/django/test/utils.py", line 114, in instrumented_test_render
    return self.nodelist.render(context)
           ~~~~~~~~~~~~~~~~~~~~^^^^^^^^^
  File "/Users/mac/Desktop/driving_school_saas/venv/lib/python3.13/site-packages/django/template/base.py", line 1016, in render
    return SafeString("".join([node.render_annotated(context) for node in self]))
                               ~~~~~~~~~~~~~~~~~~~~~^^^^^^^^^
  File "/Users/mac/Desktop/driving_school_saas/venv/lib/python3.13/site-packages/django/template/base.py", line 977, in render_annotated
    return self.render(context)
           ~~~~~~~~~~~^^^^^^^^^
  File "/Users/mac/Desktop/driving_school_saas/venv/lib/python3.13/site-packages/django/template/defaulttags.py", line 327, in render
    return nodelist.render(context)
           ~~~~~~~~~~~~~~~^^^^^^^^^
  File "/Users/mac/Desktop/driving_school_saas/venv/lib/python3.13/site-packages/django/template/base.py", line 1016, in render
    return SafeString("".join([node.render_annotated(context) for node in self]))
                               ~~~~~~~~~~~~~~~~~~~~~^^^^^^^^^
  File "/Users/mac/Desktop/driving_school_saas/venv/lib/python3.13/site-packages/django/template/base.py", line 977, in render_annotated
    return self.render(context)
           ~~~~~~~~~~~^^^^^^^^^
  File "/Users/mac/Desktop/driving_school_saas/venv/lib/python3.13/site-packages/django/template/defaulttags.py", line 480, in render
    url = reverse(view_name, args=args, kwargs=kwargs, current_app=current_app)
  File "/Users/mac/Desktop/driving_school_saas/venv/lib/python3.13/site-packages/django/urls/base.py", line 92, in reverse
    raise NoReverseMatch("%s is not a registered namespace" % key)
django.urls.exceptions.NoReverseMatch: 'djdt' is not a registered namespace
ERROR 2026-01-08 16:45:26,044 log 40985 140735715763072 Internal Server Error: /api/users/register_student/
Traceback (most recent call last):
  File "/Users/mac/Desktop/driving_school_saas/venv/lib/python3.13/site-packages/django/core/handlers/exception.py", line 55, in inner
    response = get_response(request)
  File "/Users/mac/Desktop/driving_school_saas/venv/lib/python3.13/site-packages/django/core/handlers/base.py", line 197, in _get_response
    response = wrapped_callback(request, *callback_args, **callback_kwargs)
  File "/Users/mac/Desktop/driving_school_saas/venv/lib/python3.13/site-packages/django/views/decorators/csrf.py", line 65, in _view_wrapper
    return view_func(request, *args, **kwargs)
  File "/Users/mac/Desktop/driving_school_saas/venv/lib/python3.13/site-packages/rest_framework/viewsets.py", line 125, in view
    return self.dispatch(request, *args, **kwargs)
           ~~~~~~~~~~~~~^^^^^^^^^^^^^^^^^^^^^^^^^^
  File "/Users/mac/Desktop/driving_school_saas/venv/lib/python3.13/site-packages/rest_framework/views.py", line 515, in dispatch
    response = self.handle_exception(exc)
  File "/Users/mac/Desktop/driving_school_saas/venv/lib/python3.13/site-packages/rest_framework/views.py", line 475, in handle_exception
    self.raise_uncaught_exception(exc)
    ~~~~~~~~~~~~~~~~~~~~~~~~~~~~~^^^^^
  File "/Users/mac/Desktop/driving_school_saas/venv/lib/python3.13/site-packages/rest_framework/views.py", line 486, in raise_uncaught_exception
    raise exc
  File "/Users/mac/Desktop/driving_school_saas/venv/lib/python3.13/site-packages/rest_framework/views.py", line 512, in dispatch
    response = handler(request, *args, **kwargs)
  File "/usr/local/Cellar/python@3.13/3.13.7/Frameworks/Python.framework/Versions/3.13/lib/python3.13/contextlib.py", line 85, in inner
    return func(*args, **kwds)
  File "/Users/mac/Desktop/driving_school_saas/DriveApp/views.py", line 220, in register_student
    school = DrivingSchool.objects.select_related('subscription__plan').get(id=school_id)
  File "/Users/mac/Desktop/driving_school_saas/venv/lib/python3.13/site-packages/django/db/models/query.py", line 631, in get
    num = len(clone)
  File "/Users/mac/Desktop/driving_school_saas/venv/lib/python3.13/site-packages/django/db/models/query.py", line 368, in __len__
    self._fetch_all()
    ~~~~~~~~~~~~~~~^^
  File "/Users/mac/Desktop/driving_school_saas/venv/lib/python3.13/site-packages/django/db/models/query.py", line 1954, in _fetch_all
    self._result_cache = list(self._iterable_class(self))
                         ~~~~^^^^^^^^^^^^^^^^^^^^^^^^^^^^
  File "/Users/mac/Desktop/driving_school_saas/venv/lib/python3.13/site-packages/django/db/models/query.py", line 93, in __iter__
    results = compiler.execute_sql(
        chunked_fetch=self.chunked_fetch, chunk_size=self.chunk_size
    )
  File "/Users/mac/Desktop/driving_school_saas/venv/lib/python3.13/site-packages/django/db/models/sql/compiler.py", line 1610, in execute_sql
    sql, params = self.as_sql()
                  ~~~~~~~~~~~^^
  File "/Users/mac/Desktop/driving_school_saas/venv/lib/python3.13/site-packages/django/db/models/sql/compiler.py", line 766, in as_sql
    extra_select, order_by, group_by = self.pre_sql_setup(
                                       ~~~~~~~~~~~~~~~~~~^
        with_col_aliases=with_col_aliases or bool(combinator),
        ^^^^^^^^^^^^^^^^^^^^^^^^^^^^^^^^^^^^^^^^^^^^^^^^^^^^^^
    )
    ^
  File "/Users/mac/Desktop/driving_school_saas/venv/lib/python3.13/site-packages/django/db/models/sql/compiler.py", line 85, in pre_sql_setup
    self.setup_query(with_col_aliases=with_col_aliases)
    ~~~~~~~~~~~~~~~~^^^^^^^^^^^^^^^^^^^^^^^^^^^^^^^^^^^
  File "/Users/mac/Desktop/driving_school_saas/venv/lib/python3.13/site-packages/django/db/models/sql/compiler.py", line 74, in setup_query
    self.select, self.klass_info, self.annotation_col_map = self.get_select(
                                                            ~~~~~~~~~~~~~~~^
        with_col_aliases=with_col_aliases,
        ^^^^^^^^^^^^^^^^^^^^^^^^^^^^^^^^^^
    )
    ^
  File "/Users/mac/Desktop/driving_school_saas/venv/lib/python3.13/site-packages/django/db/models/sql/compiler.py", line 299, in get_select
    related_klass_infos = self.get_related_selections(select, select_mask)
  File "/Users/mac/Desktop/driving_school_saas/venv/lib/python3.13/site-packages/django/db/models/sql/compiler.py", line 1396, in get_related_selections
    raise FieldError(
    ...<6 lines>...
    )
django.core.exceptions.FieldError: Invalid field name(s) given in select_related: 'subscription'. Choices are: owner, subscriptions
ERROR 2026-01-11 16:45:19,810 log 47393 140735715763072 Internal Server Error: /api/drivingschool/3/
Traceback (most recent call last):
  File "/Users/mac/Desktop/driving_school_saas/venv/lib/python3.13/site-packages/django/core/handlers/exception.py", line 55, in inner
    response = get_response(request)
  File "/Users/mac/Desktop/driving_school_saas/venv/lib/python3.13/site-packages/django/core/handlers/base.py", line 197, in _get_response
    response = wrapped_callback(request, *callback_args, **callback_kwargs)
  File "/Users/mac/Desktop/driving_school_saas/venv/lib/python3.13/site-packages/django/views/decorators/csrf.py", line 65, in _view_wrapper
    return view_func(request, *args, **kwargs)
  File "/Users/mac/Desktop/driving_school_saas/venv/lib/python3.13/site-packages/rest_framework/viewsets.py", line 125, in view
    return self.dispatch(request, *args, **kwargs)
           ~~~~~~~~~~~~~^^^^^^^^^^^^^^^^^^^^^^^^^^
  File "/Users/mac/Desktop/driving_school_saas/venv/lib/python3.13/site-packages/rest_framework/views.py", line 515, in dispatch
    response = self.handle_exception(exc)
  File "/Users/mac/Desktop/driving_school_saas/venv/lib/python3.13/site-packages/rest_framework/views.py", line 475, in handle_exception
    self.raise_uncaught_exception(exc)
    ~~~~~~~~~~~~~~~~~~~~~~~~~~~~~^^^^^
  File "/Users/mac/Desktop/driving_school_saas/venv/lib/python3.13/site-packages/rest_framework/views.py", line 486, in raise_uncaught_exception
    raise exc
  File "/Users/mac/Desktop/driving_school_saas/venv/lib/python3.13/site-packages/rest_framework/views.py", line 512, in dispatch
    response = handler(request, *args, **kwargs)
  File "/Users/mac/Desktop/driving_school_saas/venv/lib/python3.13/site-packages/rest_framework/mixins.py", line 91, in destroy
    self.perform_destroy(instance)
    ~~~~~~~~~~~~~~~~~~~~^^^^^^^^^^
  File "/Users/mac/Desktop/driving_school_saas/DriveApp/views.py", line 565, in perform_destroy
    for user in instance.student_profiles.values_list('user_id', flat=True):
                ~~~~~~~~~~~~~~~~~~~~~~~~~~~~~~~~~~~~~^^^^^^^^^^^^^^^^^^^^^^
  File "/Users/mac/Desktop/driving_school_saas/venv/lib/python3.13/site-packages/django/db/models/manager.py", line 87, in manager_method
    return getattr(self.get_queryset(), name)(*args, **kwargs)
                   ~~~~~~~~~~~~~~~~~^^
  File "/Users/mac/Desktop/driving_school_saas/venv/lib/python3.13/site-packages/django/db/models/fields/related_descriptors.py", line 760, in get_queryset
    raise ValueError(
    ...<2 lines>...
    )
ValueError: 'DrivingSchool' instance needs to have a primary key value before this relationship can be used.
ERROR 2026-01-11 16:47:25,222 log 47439 140735715763072 Internal Server Error: /api/drivingschool/3/
Traceback (most recent call last):
  File "/Users/mac/Desktop/driving_school_saas/venv/lib/python3.13/site-packages/django/core/handlers/exception.py", line 55, in inner
    response = get_response(request)
  File "/Users/mac/Desktop/driving_school_saas/venv/lib/python3.13/site-packages/django/core/handlers/base.py", line 197, in _get_response
    response = wrapped_callback(request, *callback_args, **callback_kwargs)
  File "/Users/mac/Desktop/driving_school_saas/venv/lib/python3.13/site-packages/django/views/decorators/csrf.py", line 65, in _view_wrapper
    return view_func(request, *args, **kwargs)
  File "/Users/mac/Desktop/driving_school_saas/venv/lib/python3.13/site-packages/rest_framework/viewsets.py", line 125, in view
    return self.dispatch(request, *args, **kwargs)
           ~~~~~~~~~~~~~^^^^^^^^^^^^^^^^^^^^^^^^^^
  File "/Users/mac/Desktop/driving_school_saas/venv/lib/python3.13/site-packages/rest_framework/views.py", line 515, in dispatch
    response = self.handle_exception(exc)
  File "/Users/mac/Desktop/driving_school_saas/venv/lib/python3.13/site-packages/rest_framework/views.py", line 475, in handle_exception
    self.raise_uncaught_exception(exc)
    ~~~~~~~~~~~~~~~~~~~~~~~~~~~~~^^^^^
  File "/Users/mac/Desktop/driving_school_saas/venv/lib/python3.13/site-packages/rest_framework/views.py", line 486, in raise_uncaught_exception
    raise exc
  File "/Users/mac/Desktop/driving_school_saas/venv/lib/python3.13/site-packages/rest_framework/views.py", line 512, in dispatch
    response = handler(request, *args, **kwargs)
  File "/Users/mac/Desktop/driving_school_saas/venv/lib/python3.13/site-packages/rest_framework/mixins.py", line 91, in destroy
    self.perform_destroy(instance)
    ~~~~~~~~~~~~~~~~~~~~^^^^^^^^^^
  File "/Users/mac/Desktop/driving_school_saas/DriveApp/views.py", line 565, in perform_destroy
    for user in instance.student_profiles.values_list('user_id', flat=True):
                ~~~~~~~~~~~~~~~~~~~~~~~~~~~~~~~~~~~~~^^^^^^^^^^^^^^^^^^^^^^
  File "/Users/mac/Desktop/driving_school_saas/venv/lib/python3.13/site-packages/django/db/models/manager.py", line 87, in manager_method
    return getattr(self.get_queryset(), name)(*args, **kwargs)
                   ~~~~~~~~~~~~~~~~~^^
  File "/Users/mac/Desktop/driving_school_saas/venv/lib/python3.13/site-packages/django/db/models/fields/related_descriptors.py", line 760, in get_queryset
    raise ValueError(
    ...<2 lines>...
    )
ValueError: 'DrivingSchool' instance needs to have a primary key value before this relationship can be used.
ERROR 2026-01-11 16:49:55,741 log 47498 140735715763072 Internal Server Error: /api/drivingschool/3/
Traceback (most recent call last):
  File "/Users/mac/Desktop/driving_school_saas/venv/lib/python3.13/site-packages/django/core/handlers/exception.py", line 55, in inner
    response = get_response(request)
  File "/Users/mac/Desktop/driving_school_saas/venv/lib/python3.13/site-packages/django/core/handlers/base.py", line 197, in _get_response
    response = wrapped_callback(request, *callback_args, **callback_kwargs)
  File "/Users/mac/Desktop/driving_school_saas/venv/lib/python3.13/site-packages/django/views/decorators/csrf.py", line 65, in _view_wrapper
    return view_func(request, *args, **kwargs)
  File "/Users/mac/Desktop/driving_school_saas/venv/lib/python3.13/site-packages/rest_framework/viewsets.py", line 125, in view
    return self.dispatch(request, *args, **kwargs)
           ~~~~~~~~~~~~~^^^^^^^^^^^^^^^^^^^^^^^^^^
  File "/Users/mac/Desktop/driving_school_saas/venv/lib/python3.13/site-packages/rest_framework/views.py", line 515, in dispatch
    response = self.handle_exception(exc)
  File "/Users/mac/Desktop/driving_school_saas/venv/lib/python3.13/site-packages/rest_framework/views.py", line 475, in handle_exception
    self.raise_uncaught_exception(exc)
    ~~~~~~~~~~~~~~~~~~~~~~~~~~~~~^^^^^
  File "/Users/mac/Desktop/driving_school_saas/venv/lib/python3.13/site-packages/rest_framework/views.py", line 486, in raise_uncaught_exception
    raise exc
  File "/Users/mac/Desktop/driving_school_saas/venv/lib/python3.13/site-packages/rest_framework/views.py", line 512, in dispatch
    response = handler(request, *args, **kwargs)
  File "/Users/mac/Desktop/driving_school_saas/venv/lib/python3.13/site-packages/rest_framework/mixins.py", line 91, in destroy
    self.perform_destroy(instance)
    ~~~~~~~~~~~~~~~~~~~~^^^^^^^^^^
  File "/Users/mac/Desktop/driving_school_saas/DriveApp/views.py", line 565, in perform_destroy
    for user in instance.student_profiles.values_list('user_id', flat=True):
                ~~~~~~~~~~~~~~~~~~~~~~~~~~~~~~~~~~~~~^^^^^^^^^^^^^^^^^^^^^^
  File "/Users/mac/Desktop/driving_school_saas/venv/lib/python3.13/site-packages/django/db/models/manager.py", line 87, in manager_method
    return getattr(self.get_queryset(), name)(*args, **kwargs)
                   ~~~~~~~~~~~~~~~~~^^
  File "/Users/mac/Desktop/driving_school_saas/venv/lib/python3.13/site-packages/django/db/models/fields/related_descriptors.py", line 760, in get_queryset
    raise ValueError(
    ...<2 lines>...
    )
ValueError: 'DrivingSchool' instance needs to have a primary key value before this relationship can be used.
ERROR 2026-01-11 16:53:05,111 log 47562 140735715763072 Internal Server Error: /api/drivingschool/3/
Traceback (most recent call last):
  File "/Users/mac/Desktop/driving_school_saas/venv/lib/python3.13/site-packages/django/core/handlers/exception.py", line 55, in inner
    response = get_response(request)
  File "/Users/mac/Desktop/driving_school_saas/venv/lib/python3.13/site-packages/django/core/handlers/base.py", line 197, in _get_response
    response = wrapped_callback(request, *callback_args, **callback_kwargs)
  File "/Users/mac/Desktop/driving_school_saas/venv/lib/python3.13/site-packages/django/views/decorators/csrf.py", line 65, in _view_wrapper
    return view_func(request, *args, **kwargs)
  File "/Users/mac/Desktop/driving_school_saas/venv/lib/python3.13/site-packages/rest_framework/viewsets.py", line 125, in view
    return self.dispatch(request, *args, **kwargs)
           ~~~~~~~~~~~~~^^^^^^^^^^^^^^^^^^^^^^^^^^
  File "/Users/mac/Desktop/driving_school_saas/venv/lib/python3.13/site-packages/rest_framework/views.py", line 515, in dispatch
    response = self.handle_exception(exc)
  File "/Users/mac/Desktop/driving_school_saas/venv/lib/python3.13/site-packages/rest_framework/views.py", line 475, in handle_exception
    self.raise_uncaught_exception(exc)
    ~~~~~~~~~~~~~~~~~~~~~~~~~~~~~^^^^^
  File "/Users/mac/Desktop/driving_school_saas/venv/lib/python3.13/site-packages/rest_framework/views.py", line 486, in raise_uncaught_exception
    raise exc
  File "/Users/mac/Desktop/driving_school_saas/venv/lib/python3.13/site-packages/rest_framework/views.py", line 512, in dispatch
    response = handler(request, *args, **kwargs)
  File "/Users/mac/Desktop/driving_school_saas/venv/lib/python3.13/site-packages/rest_framework/mixins.py", line 91, in destroy
    self.perform_destroy(instance)
    ~~~~~~~~~~~~~~~~~~~~^^^^^^^^^^
  File "/Users/mac/Desktop/driving_school_saas/DriveApp/views.py", line 565, in perform_destroy
    for user in instance.student_profiles.values_list('user_id', flat=True):
                ~~~~~~~~~~~~~~~~~~~~~~~~~~~~~~~~~~~~~^^^^^^^^^^^^^^^^^^^^^^
  File "/Users/mac/Desktop/driving_school_saas/venv/lib/python3.13/site-packages/django/db/models/manager.py", line 87, in manager_method
    return getattr(self.get_queryset(), name)(*args, **kwargs)
                   ~~~~~~~~~~~~~~~~~^^
  File "/Users/mac/Desktop/driving_school_saas/venv/lib/python3.13/site-packages/django/db/models/fields/related_descriptors.py", line 760, in get_queryset
    raise ValueError(
    ...<2 lines>...
    )
ValueError: 'DrivingSchool' instance needs to have a primary key value before this relationship can be used.
ERROR 2026-01-11 17:00:30,805 log 47690 140735715763072 Internal Server Error: /api/drivingschool/3/
Traceback (most recent call last):
  File "/Users/mac/Desktop/driving_school_saas/venv/lib/python3.13/site-packages/django/core/handlers/exception.py", line 55, in inner
    response = get_response(request)
  File "/Users/mac/Desktop/driving_school_saas/venv/lib/python3.13/site-packages/django/core/handlers/base.py", line 197, in _get_response
    response = wrapped_callback(request, *callback_args, **callback_kwargs)
  File "/Users/mac/Desktop/driving_school_saas/venv/lib/python3.13/site-packages/django/views/decorators/csrf.py", line 65, in _view_wrapper
    return view_func(request, *args, **kwargs)
  File "/Users/mac/Desktop/driving_school_saas/venv/lib/python3.13/site-packages/rest_framework/viewsets.py", line 125, in view
    return self.dispatch(request, *args, **kwargs)
           ~~~~~~~~~~~~~^^^^^^^^^^^^^^^^^^^^^^^^^^
  File "/Users/mac/Desktop/driving_school_saas/venv/lib/python3.13/site-packages/rest_framework/views.py", line 515, in dispatch
    response = self.handle_exception(exc)
  File "/Users/mac/Desktop/driving_school_saas/venv/lib/python3.13/site-packages/rest_framework/views.py", line 475, in handle_exception
    self.raise_uncaught_exception(exc)
    ~~~~~~~~~~~~~~~~~~~~~~~~~~~~~^^^^^
  File "/Users/mac/Desktop/driving_school_saas/venv/lib/python3.13/site-packages/rest_framework/views.py", line 486, in raise_uncaught_exception
    raise exc
  File "/Users/mac/Desktop/driving_school_saas/venv/lib/python3.13/site-packages/rest_framework/views.py", line 512, in dispatch
    response = handler(request, *args, **kwargs)
  File "/Users/mac/Desktop/driving_school_saas/venv/lib/python3.13/site-packages/rest_framework/mixins.py", line 91, in destroy
    self.perform_destroy(instance)
    ~~~~~~~~~~~~~~~~~~~~^^^^^^^^^^
  File "/Users/mac/Desktop/driving_school_saas/DriveApp/views.py", line 565, in perform_destroy
    for user in instance.student_profiles.values_list('user_id', flat=True):
                ~~~~~~~~~~~~~~~~~~~~~~~~~~~~~~~~~~~~~^^^^^^^^^^^^^^^^^^^^^^
  File "/Users/mac/Desktop/driving_school_saas/venv/lib/python3.13/site-packages/django/db/models/manager.py", line 87, in manager_method
    return getattr(self.get_queryset(), name)(*args, **kwargs)
                   ~~~~~~~~~~~~~~~~~^^
  File "/Users/mac/Desktop/driving_school_saas/venv/lib/python3.13/site-packages/django/db/models/fields/related_descriptors.py", line 760, in get_queryset
    raise ValueError(
    ...<2 lines>...
    )
ValueError: 'DrivingSchool' instance needs to have a primary key value before this relationship can be used.
ERROR 2026-01-15 16:57:43,172 log 73245 140735715763072 Internal Server Error: /api/drivingschool/23/students/
Traceback (most recent call last):
  File "/Users/mac/Desktop/driving_school_saas/venv/lib/python3.13/site-packages/rest_framework/throttling.py", line 92, in get_rate
    return self.THROTTLE_RATES[self.scope]
           ~~~~~~~~~~~~~~~~~~~^^^^^^^^^^^^
KeyError: 'school_list'

During handling of the above exception, another exception occurred:

Traceback (most recent call last):
  File "/Users/mac/Desktop/driving_school_saas/venv/lib/python3.13/site-packages/django/core/handlers/exception.py", line 55, in inner
    response = get_response(request)
  File "/Users/mac/Desktop/driving_school_saas/venv/lib/python3.13/site-packages/django/core/handlers/base.py", line 197, in _get_response
    response = wrapped_callback(request, *callback_args, **callback_kwargs)
  File "/Users/mac/Desktop/driving_school_saas/venv/lib/python3.13/site-packages/django/views/decorators/csrf.py", line 65, in _view_wrapper
    return view_func(request, *args, **kwargs)
  File "/Users/mac/Desktop/driving_school_saas/venv/lib/python3.13/site-packages/rest_framework/viewsets.py", line 125, in view
    return self.dispatch(request, *args, **kwargs)
           ~~~~~~~~~~~~~^^^^^^^^^^^^^^^^^^^^^^^^^^
  File "/Users/mac/Desktop/driving_school_saas/venv/lib/python3.13/site-packages/rest_framework/views.py", line 515, in dispatch
    response = self.handle_exception(exc)
  File "/Users/mac/Desktop/driving_school_saas/venv/lib/python3.13/site-packages/rest_framework/views.py", line 475, in handle_exception
    self.raise_uncaught_exception(exc)
    ~~~~~~~~~~~~~~~~~~~~~~~~~~~~~^^^^^
  File "/Users/mac/Desktop/driving_school_saas/venv/lib/python3.13/site-packages/rest_framework/views.py", line 486, in raise_uncaught_exception
    raise exc
  File "/Users/mac/Desktop/driving_school_saas/venv/lib/python3.13/site-packages/rest_framework/views.py", line 503, in dispatch
    self.initial(request, *args, **kwargs)
    ~~~~~~~~~~~~^^^^^^^^^^^^^^^^^^^^^^^^^^
  File "/Users/mac/Desktop/driving_school_saas/venv/lib/python3.13/site-packages/rest_framework/views.py", line 422, in initial
    self.check_throttles(request)
    ~~~~~~~~~~~~~~~~~~~~^^^^^^^^^
  File "/Users/mac/Desktop/driving_school_saas/venv/lib/python3.13/site-packages/rest_framework/views.py", line 364, in check_throttles
    for throttle in self.get_throttles():
                    ~~~~~~~~~~~~~~~~~~^^
  File "/Users/mac/Desktop/driving_school_saas/DriveApp/views.py", line 547, in get_throttles
    return [SchoolListThrottle()]
            ~~~~~~~~~~~~~~~~~~^^
  File "/Users/mac/Desktop/driving_school_saas/venv/lib/python3.13/site-packages/rest_framework/throttling.py", line 70, in __init__
    self.rate = self.get_rate()
                ~~~~~~~~~~~~~^^
  File "/Users/mac/Desktop/driving_school_saas/venv/lib/python3.13/site-packages/rest_framework/throttling.py", line 95, in get_rate
    raise ImproperlyConfigured(msg)
django.core.exceptions.ImproperlyConfigured: No default throttle rate set for 'school_list' scope
ERROR 2026-01-20 14:56:14,727 log 19658 123145546575872 Internal Server Error: /api/users/
Traceback (most recent call last):
  File "/Users/mac/Desktop/driving_school_saas/venv/lib/python3.13/site-packages/django/urls/base.py", line 81, in reverse
    extra, resolver = resolver.namespace_dict[ns]
                      ~~~~~~~~~~~~~~~~~~~~~~~^^^^
KeyError: 'djdt'

During handling of the above exception, another exception occurred:

Traceback (most recent call last):
  File "/Users/mac/Desktop/driving_school_saas/venv/lib/python3.13/site-packages/django/core/handlers/exception.py", line 55, in inner
    response = get_response(request)
  File "/Users/mac/Desktop/driving_school_saas/venv/lib/python3.13/site-packages/debug_toolbar/middleware.py", line 145, in __call__
    return self._postprocess(request, response, toolbar)
           ~~~~~~~~~~~~~~~~~^^^^^^^^^^^^^^^^^^^^^^^^^^^^
  File "/Users/mac/Desktop/driving_school_saas/venv/lib/python3.13/site-packages/debug_toolbar/middleware.py", line 187, in _postprocess
    rendered = toolbar.render_toolbar()
  File "/Users/mac/Desktop/driving_school_saas/venv/lib/python3.13/site-packages/debug_toolbar/toolbar.py", line 93, in render_toolbar
    return render_to_string("debug_toolbar/base.html", context)
  File "/Users/mac/Desktop/driving_school_saas/venv/lib/python3.13/site-packages/django/template/loader.py", line 62, in render_to_string
    return template.render(context, request)
           ~~~~~~~~~~~~~~~^^^^^^^^^^^^^^^^^^
  File "/Users/mac/Desktop/driving_school_saas/venv/lib/python3.13/site-packages/django/template/backends/django.py", line 107, in render
    return self.template.render(context)
           ~~~~~~~~~~~~~~~~~~~~^^^^^^^^^
  File "/Users/mac/Desktop/driving_school_saas/venv/lib/python3.13/site-packages/django/template/base.py", line 171, in render
    return self._render(context)
           ~~~~~~~~~~~~^^^^^^^^^
  File "/Users/mac/Desktop/driving_school_saas/venv/lib/python3.13/site-packages/django/test/utils.py", line 114, in instrumented_test_render
    return self.nodelist.render(context)
           ~~~~~~~~~~~~~~~~~~~~^^^^^^^^^
  File "/Users/mac/Desktop/driving_school_saas/venv/lib/python3.13/site-packages/django/template/base.py", line 1016, in render
    return SafeString("".join([node.render_annotated(context) for node in self]))
                               ~~~~~~~~~~~~~~~~~~~~~^^^^^^^^^
  File "/Users/mac/Desktop/driving_school_saas/venv/lib/python3.13/site-packages/django/template/base.py", line 977, in render_annotated
    return self.render(context)
           ~~~~~~~~~~~^^^^^^^^^
  File "/Users/mac/Desktop/driving_school_saas/venv/lib/python3.13/site-packages/django/template/defaulttags.py", line 327, in render
    return nodelist.render(context)
           ~~~~~~~~~~~~~~~^^^^^^^^^
  File "/Users/mac/Desktop/driving_school_saas/venv/lib/python3.13/site-packages/django/template/base.py", line 1016, in render
    return SafeString("".join([node.render_annotated(context) for node in self]))
                               ~~~~~~~~~~~~~~~~~~~~~^^^^^^^^^
  File "/Users/mac/Desktop/driving_school_saas/venv/lib/python3.13/site-packages/django/template/base.py", line 977, in render_annotated
    return self.render(context)
           ~~~~~~~~~~~^^^^^^^^^
  File "/Users/mac/Desktop/driving_school_saas/venv/lib/python3.13/site-packages/django/template/defaulttags.py", line 480, in render
    url = reverse(view_name, args=args, kwargs=kwargs, current_app=current_app)
  File "/Users/mac/Desktop/driving_school_saas/venv/lib/python3.13/site-packages/django/urls/base.py", line 92, in reverse
    raise NoReverseMatch("%s is not a registered namespace" % key)
django.urls.exceptions.NoReverseMatch: 'djdt' is not a registered namespace
ERROR 2026-01-20 14:56:14,997 log 19658 123145546575872 Internal Server Error: /api/users/
Traceback (most recent call last):
  File "/Users/mac/Desktop/driving_school_saas/venv/lib/python3.13/site-packages/django/urls/base.py", line 81, in reverse
    extra, resolver = resolver.namespace_dict[ns]
                      ~~~~~~~~~~~~~~~~~~~~~~~^^^^
KeyError: 'djdt'

During handling of the above exception, another exception occurred:

Traceback (most recent call last):
  File "/Users/mac/Desktop/driving_school_saas/venv/lib/python3.13/site-packages/django/core/handlers/exception.py", line 55, in inner
    response = get_response(request)
  File "/Users/mac/Desktop/driving_school_saas/venv/lib/python3.13/site-packages/debug_toolbar/middleware.py", line 145, in __call__
    return self._postprocess(request, response, toolbar)
           ~~~~~~~~~~~~~~~~~^^^^^^^^^^^^^^^^^^^^^^^^^^^^
  File "/Users/mac/Desktop/driving_school_saas/venv/lib/python3.13/site-packages/debug_toolbar/middleware.py", line 187, in _postprocess
    rendered = toolbar.render_toolbar()
  File "/Users/mac/Desktop/driving_school_saas/venv/lib/python3.13/site-packages/debug_toolbar/toolbar.py", line 93, in render_toolbar
    return render_to_string("debug_toolbar/base.html", context)
  File "/Users/mac/Desktop/driving_school_saas/venv/lib/python3.13/site-packages/django/template/loader.py", line 62, in render_to_string
    return template.render(context, request)
           ~~~~~~~~~~~~~~~^^^^^^^^^^^^^^^^^^
  File "/Users/mac/Desktop/driving_school_saas/venv/lib/python3.13/site-packages/django/template/backends/django.py", line 107, in render
    return self.template.render(context)
           ~~~~~~~~~~~~~~~~~~~~^^^^^^^^^
  File "/Users/mac/Desktop/driving_school_saas/venv/lib/python3.13/site-packages/django/template/base.py", line 171, in render
    return self._render(context)
           ~~~~~~~~~~~~^^^^^^^^^
  File "/Users/mac/Desktop/driving_school_saas/venv/lib/python3.13/site-packages/django/test/utils.py", line 114, in instrumented_test_render
    return self.nodelist.render(context)
           ~~~~~~~~~~~~~~~~~~~~^^^^^^^^^
  File "/Users/mac/Desktop/driving_school_saas/venv/lib/python3.13/site-packages/django/template/base.py", line 1016, in render
    return SafeString("".join([node.render_annotated(context) for node in self]))
                               ~~~~~~~~~~~~~~~~~~~~~^^^^^^^^^
  File "/Users/mac/Desktop/driving_school_saas/venv/lib/python3.13/site-packages/django/template/base.py", line 977, in render_annotated
    return self.render(context)
           ~~~~~~~~~~~^^^^^^^^^
  File "/Users/mac/Desktop/driving_school_saas/venv/lib/python3.13/site-packages/django/template/defaulttags.py", line 327, in render
    return nodelist.render(context)
           ~~~~~~~~~~~~~~~^^^^^^^^^
  File "/Users/mac/Desktop/driving_school_saas/venv/lib/python3.13/site-packages/django/template/base.py", line 1016, in render
    return SafeString("".join([node.render_annotated(context) for node in self]))
                               ~~~~~~~~~~~~~~~~~~~~~^^^^^^^^^
  File "/Users/mac/Desktop/driving_school_saas/venv/lib/python3.13/site-packages/django/template/base.py", line 977, in render_annotated
    return self.render(context)
           ~~~~~~~~~~~^^^^^^^^^
  File "/Users/mac/Desktop/driving_school_saas/venv/lib/python3.13/site-packages/django/template/defaulttags.py", line 480, in render
    url = reverse(view_name, args=args, kwargs=kwargs, current_app=current_app)
  File "/Users/mac/Desktop/driving_school_saas/venv/lib/python3.13/site-packages/django/urls/base.py", line 92, in reverse
    raise NoReverseMatch("%s is not a registered namespace" % key)
django.urls.exceptions.NoReverseMatch: 'djdt' is not a registered namespace
ERROR 2026-01-20 15:00:16,582 log 19926 123145414975488 Internal Server Error: /api/users/
Traceback (most recent call last):
  File "/Users/mac/Desktop/driving_school_saas/venv/lib/python3.13/site-packages/django/urls/base.py", line 81, in reverse
    extra, resolver = resolver.namespace_dict[ns]
                      ~~~~~~~~~~~~~~~~~~~~~~~^^^^
KeyError: 'djdt'

During handling of the above exception, another exception occurred:

Traceback (most recent call last):
  File "/Users/mac/Desktop/driving_school_saas/venv/lib/python3.13/site-packages/django/core/handlers/exception.py", line 55, in inner
    response = get_response(request)
  File "/Users/mac/Desktop/driving_school_saas/venv/lib/python3.13/site-packages/debug_toolbar/middleware.py", line 145, in __call__
    return self._postprocess(request, response, toolbar)
           ~~~~~~~~~~~~~~~~~^^^^^^^^^^^^^^^^^^^^^^^^^^^^
  File "/Users/mac/Desktop/driving_school_saas/venv/lib/python3.13/site-packages/debug_toolbar/middleware.py", line 187, in _postprocess
    rendered = toolbar.render_toolbar()
  File "/Users/mac/Desktop/driving_school_saas/venv/lib/python3.13/site-packages/debug_toolbar/toolbar.py", line 93, in render_toolbar
    return render_to_string("debug_toolbar/base.html", context)
  File "/Users/mac/Desktop/driving_school_saas/venv/lib/python3.13/site-packages/django/template/loader.py", line 62, in render_to_string
    return template.render(context, request)
           ~~~~~~~~~~~~~~~^^^^^^^^^^^^^^^^^^
  File "/Users/mac/Desktop/driving_school_saas/venv/lib/python3.13/site-packages/django/template/backends/django.py", line 107, in render
    return self.template.render(context)
           ~~~~~~~~~~~~~~~~~~~~^^^^^^^^^
  File "/Users/mac/Desktop/driving_school_saas/venv/lib/python3.13/site-packages/django/template/base.py", line 171, in render
    return self._render(context)
           ~~~~~~~~~~~~^^^^^^^^^
  File "/Users/mac/Desktop/driving_school_saas/venv/lib/python3.13/site-packages/django/test/utils.py", line 114, in instrumented_test_render
    return self.nodelist.render(context)
           ~~~~~~~~~~~~~~~~~~~~^^^^^^^^^
  File "/Users/mac/Desktop/driving_school_saas/venv/lib/python3.13/site-packages/django/template/base.py", line 1016, in render
    return SafeString("".join([node.render_annotated(context) for node in self]))
                               ~~~~~~~~~~~~~~~~~~~~~^^^^^^^^^
  File "/Users/mac/Desktop/driving_school_saas/venv/lib/python3.13/site-packages/django/template/base.py", line 977, in render_annotated
    return self.render(context)
           ~~~~~~~~~~~^^^^^^^^^
  File "/Users/mac/Desktop/driving_school_saas/venv/lib/python3.13/site-packages/django/template/defaulttags.py", line 327, in render
    return nodelist.render(context)
           ~~~~~~~~~~~~~~~^^^^^^^^^
  File "/Users/mac/Desktop/driving_school_saas/venv/lib/python3.13/site-packages/django/template/base.py", line 1016, in render
    return SafeString("".join([node.render_annotated(context) for node in self]))
                               ~~~~~~~~~~~~~~~~~~~~~^^^^^^^^^
  File "/Users/mac/Desktop/driving_school_saas/venv/lib/python3.13/site-packages/django/template/base.py", line 977, in render_annotated
    return self.render(context)
           ~~~~~~~~~~~^^^^^^^^^
  File "/Users/mac/Desktop/driving_school_saas/venv/lib/python3.13/site-packages/django/template/defaulttags.py", line 480, in render
    url = reverse(view_name, args=args, kwargs=kwargs, current_app=current_app)
  File "/Users/mac/Desktop/driving_school_saas/venv/lib/python3.13/site-packages/django/urls/base.py", line 92, in reverse
    raise NoReverseMatch("%s is not a registered namespace" % key)
django.urls.exceptions.NoReverseMatch: 'djdt' is not a registered namespace
ERROR 2026-01-20 15:00:16,824 log 19926 123145414975488 Internal Server Error: /api/users/
Traceback (most recent call last):
  File "/Users/mac/Desktop/driving_school_saas/venv/lib/python3.13/site-packages/django/urls/base.py", line 81, in reverse
    extra, resolver = resolver.namespace_dict[ns]
                      ~~~~~~~~~~~~~~~~~~~~~~~^^^^
KeyError: 'djdt'

During handling of the above exception, another exception occurred:

Traceback (most recent call last):
  File "/Users/mac/Desktop/driving_school_saas/venv/lib/python3.13/site-packages/django/core/handlers/exception.py", line 55, in inner
    response = get_response(request)
  File "/Users/mac/Desktop/driving_school_saas/venv/lib/python3.13/site-packages/debug_toolbar/middleware.py", line 145, in __call__
    return self._postprocess(request, response, toolbar)
           ~~~~~~~~~~~~~~~~~^^^^^^^^^^^^^^^^^^^^^^^^^^^^
  File "/Users/mac/Desktop/driving_school_saas/venv/lib/python3.13/site-packages/debug_toolbar/middleware.py", line 187, in _postprocess
    rendered = toolbar.render_toolbar()
  File "/Users/mac/Desktop/driving_school_saas/venv/lib/python3.13/site-packages/debug_toolbar/toolbar.py", line 93, in render_toolbar
    return render_to_string("debug_toolbar/base.html", context)
  File "/Users/mac/Desktop/driving_school_saas/venv/lib/python3.13/site-packages/django/template/loader.py", line 62, in render_to_string
    return template.render(context, request)
           ~~~~~~~~~~~~~~~^^^^^^^^^^^^^^^^^^
  File "/Users/mac/Desktop/driving_school_saas/venv/lib/python3.13/site-packages/django/template/backends/django.py", line 107, in render
    return self.template.render(context)
           ~~~~~~~~~~~~~~~~~~~~^^^^^^^^^
  File "/Users/mac/Desktop/driving_school_saas/venv/lib/python3.13/site-packages/django/template/base.py", line 171, in render
    return self._render(context)
           ~~~~~~~~~~~~^^^^^^^^^
  File "/Users/mac/Desktop/driving_school_saas/venv/lib/python3.13/site-packages/django/test/utils.py", line 114, in instrumented_test_render
    return self.nodelist.render(context)
           ~~~~~~~~~~~~~~~~~~~~^^^^^^^^^
  File "/Users/mac/Desktop/driving_school_saas/venv/lib/python3.13/site-packages/django/template/base.py", line 1016, in render
    return SafeString("".join([node.render_annotated(context) for node in self]))
                               ~~~~~~~~~~~~~~~~~~~~~^^^^^^^^^
  File "/Users/mac/Desktop/driving_school_saas/venv/lib/python3.13/site-packages/django/template/base.py", line 977, in render_annotated
    return self.render(context)
           ~~~~~~~~~~~^^^^^^^^^
  File "/Users/mac/Desktop/driving_school_saas/venv/lib/python3.13/site-packages/django/template/defaulttags.py", line 327, in render
    return nodelist.render(context)
           ~~~~~~~~~~~~~~~^^^^^^^^^
  File "/Users/mac/Desktop/driving_school_saas/venv/lib/python3.13/site-packages/django/template/base.py", line 1016, in render
    return SafeString("".join([node.render_annotated(context) for node in self]))
                               ~~~~~~~~~~~~~~~~~~~~~^^^^^^^^^
  File "/Users/mac/Desktop/driving_school_saas/venv/lib/python3.13/site-packages/django/template/base.py", line 977, in render_annotated
    return self.render(context)
           ~~~~~~~~~~~^^^^^^^^^
  File "/Users/mac/Desktop/driving_school_saas/venv/lib/python3.13/site-packages/django/template/defaulttags.py", line 480, in render
    url = reverse(view_name, args=args, kwargs=kwargs, current_app=current_app)
  File "/Users/mac/Desktop/driving_school_saas/venv/lib/python3.13/site-packages/django/urls/base.py", line 92, in reverse
    raise NoReverseMatch("%s is not a registered namespace" % key)
django.urls.exceptions.NoReverseMatch: 'djdt' is not a registered namespace
ERROR 2026-01-20 16:15:37,176 log 21556 123145378209792 Internal Server Error: /api/auth/verify/
Traceback (most recent call last):
  File "/Users/mac/Desktop/driving_school_saas/venv/lib/python3.13/site-packages/rest_framework/throttling.py", line 92, in get_rate
    return self.THROTTLE_RATES[self.scope]
           ~~~~~~~~~~~~~~~~~~~^^^^^^^^^^^^
KeyError: 'anon'

During handling of the above exception, another exception occurred:

Traceback (most recent call last):
  File "/Users/mac/Desktop/driving_school_saas/venv/lib/python3.13/site-packages/django/core/handlers/exception.py", line 55, in inner
    response = get_response(request)
  File "/Users/mac/Desktop/driving_school_saas/venv/lib/python3.13/site-packages/django/core/handlers/base.py", line 197, in _get_response
    response = wrapped_callback(request, *callback_args, **callback_kwargs)
  File "/Users/mac/Desktop/driving_school_saas/venv/lib/python3.13/site-packages/django/views/decorators/csrf.py", line 65, in _view_wrapper
    return view_func(request, *args, **kwargs)
  File "/Users/mac/Desktop/driving_school_saas/venv/lib/python3.13/site-packages/django/views/generic/base.py", line 105, in view
    return self.dispatch(request, *args, **kwargs)
           ~~~~~~~~~~~~~^^^^^^^^^^^^^^^^^^^^^^^^^^
  File "/Users/mac/Desktop/driving_school_saas/venv/lib/python3.13/site-packages/rest_framework/views.py", line 515, in dispatch
    response = self.handle_exception(exc)
  File "/Users/mac/Desktop/driving_school_saas/venv/lib/python3.13/site-packages/rest_framework/views.py", line 475, in handle_exception
    self.raise_uncaught_exception(exc)
    ~~~~~~~~~~~~~~~~~~~~~~~~~~~~~^^^^^
  File "/Users/mac/Desktop/driving_school_saas/venv/lib/python3.13/site-packages/rest_framework/views.py", line 486, in raise_uncaught_exception
    raise exc
  File "/Users/mac/Desktop/driving_school_saas/venv/lib/python3.13/site-packages/rest_framework/views.py", line 503, in dispatch
    self.initial(request, *args, **kwargs)
    ~~~~~~~~~~~~^^^^^^^^^^^^^^^^^^^^^^^^^^
  File "/Users/mac/Desktop/driving_school_saas/venv/lib/python3.13/site-packages/rest_framework/views.py", line 422, in initial
    self.check_throttles(request)
    ~~~~~~~~~~~~~~~~~~~~^^^^^^^^^
  File "/Users/mac/Desktop/driving_school_saas/venv/lib/python3.13/site-packages/rest_framework/views.py", line 364, in check_throttles
    for throttle in self.get_throttles():
                    ~~~~~~~~~~~~~~~~~~^^
  File "/Users/mac/Desktop/driving_school_saas/venv/lib/python3.13/site-packages/rest_framework/views.py", line 290, in get_throttles
    return [throttle() for throttle in self.throttle_classes]
            ~~~~~~~~^^
  File "/Users/mac/Desktop/driving_school_saas/venv/lib/python3.13/site-packages/rest_framework/throttling.py", line 70, in __init__
    self.rate = self.get_rate()
                ~~~~~~~~~~~~~^^
  File "/Users/mac/Desktop/driving_school_saas/venv/lib/python3.13/site-packages/rest_framework/throttling.py", line 95, in get_rate
    raise ImproperlyConfigured(msg)
django.core.exceptions.ImproperlyConfigured: No default throttle rate set for 'anon' scope
ERROR 2026-01-21 21:03:13,532 log 1177 123145390551040 Internal Server Error: /api/users/
Traceback (most recent call last):
  File "/Users/mac/Desktop/driving_school_saas/venv/lib/python3.13/site-packages/django/db/backends/utils.py", line 105, in _execute
    return self.cursor.execute(sql, params)
           ~~~~~~~~~~~~~~~~~~~^^^^^^^^^^^^^
  File "/Users/mac/Desktop/driving_school_saas/venv/lib/python3.13/site-packages/django/db/backends/mysql/base.py", line 76, in execute
    return self.cursor.execute(query, args)
           ~~~~~~~~~~~~~~~~~~~^^^^^^^^^^^^^
  File "/Users/mac/Desktop/driving_school_saas/venv/lib/python3.13/site-packages/pymysql/cursors.py", line 153, in execute
    result = self._query(query)
  File "/Users/mac/Desktop/driving_school_saas/venv/lib/python3.13/site-packages/pymysql/cursors.py", line 322, in _query
    conn.query(q)
    ~~~~~~~~~~^^^
  File "/Users/mac/Desktop/driving_school_saas/venv/lib/python3.13/site-packages/pymysql/connections.py", line 575, in query
    self._affected_rows = self._read_query_result(unbuffered=unbuffered)
                          ~~~~~~~~~~~~~~~~~~~~~~~^^^^^^^^^^^^^^^^^^^^^^^
  File "/Users/mac/Desktop/driving_school_saas/venv/lib/python3.13/site-packages/pymysql/connections.py", line 826, in _read_query_result
    result.read()
    ~~~~~~~~~~~^^
  File "/Users/mac/Desktop/driving_school_saas/venv/lib/python3.13/site-packages/pymysql/connections.py", line 1203, in read
    first_packet = self.connection._read_packet()
  File "/Users/mac/Desktop/driving_school_saas/venv/lib/python3.13/site-packages/pymysql/connections.py", line 782, in _read_packet
    packet.raise_for_error()
    ~~~~~~~~~~~~~~~~~~~~~~^^
  File "/Users/mac/Desktop/driving_school_saas/venv/lib/python3.13/site-packages/pymysql/protocol.py", line 219, in raise_for_error
    err.raise_mysql_exception(self._data)
    ~~~~~~~~~~~~~~~~~~~~~~~~~^^^^^^^^^^^^
  File "/Users/mac/Desktop/driving_school_saas/venv/lib/python3.13/site-packages/pymysql/err.py", line 150, in raise_mysql_exception
    raise errorclass(errno, errval)
pymysql.err.OperationalError: (1036, "Table 'driveapp_user' is read only")

The above exception was the direct cause of the following exception:

Traceback (most recent call last):
  File "/Users/mac/Desktop/driving_school_saas/venv/lib/python3.13/site-packages/django/core/handlers/exception.py", line 55, in inner
    response = get_response(request)
  File "/Users/mac/Desktop/driving_school_saas/venv/lib/python3.13/site-packages/django/core/handlers/base.py", line 197, in _get_response
    response = wrapped_callback(request, *callback_args, **callback_kwargs)
  File "/Users/mac/Desktop/driving_school_saas/venv/lib/python3.13/site-packages/django/views/decorators/csrf.py", line 65, in _view_wrapper
    return view_func(request, *args, **kwargs)
  File "/Users/mac/Desktop/driving_school_saas/venv/lib/python3.13/site-packages/rest_framework/viewsets.py", line 125, in view
    return self.dispatch(request, *args, **kwargs)
           ~~~~~~~~~~~~~^^^^^^^^^^^^^^^^^^^^^^^^^^
  File "/Users/mac/Desktop/driving_school_saas/venv/lib/python3.13/site-packages/rest_framework/views.py", line 515, in dispatch
    response = self.handle_exception(exc)
  File "/Users/mac/Desktop/driving_school_saas/venv/lib/python3.13/site-packages/rest_framework/views.py", line 475, in handle_exception
    self.raise_uncaught_exception(exc)
    ~~~~~~~~~~~~~~~~~~~~~~~~~~~~~^^^^^
  File "/Users/mac/Desktop/driving_school_saas/venv/lib/python3.13/site-packages/rest_framework/views.py", line 486, in raise_uncaught_exception
    raise exc
  File "/Users/mac/Desktop/driving_school_saas/venv/lib/python3.13/site-packages/rest_framework/views.py", line 512, in dispatch
    response = handler(request, *args, **kwargs)
  File "/Users/mac/Desktop/driving_school_saas/venv/lib/python3.13/site-packages/rest_framework/mixins.py", line 19, in create
    self.perform_create(serializer)
    ~~~~~~~~~~~~~~~~~~~^^^^^^^^^^^^
  File "/Users/mac/Desktop/driving_school_saas/DriveApp/views.py", line 429, in perform_create
    user = serializer.save()
  File "/Users/mac/Desktop/driving_school_saas/venv/lib/python3.13/site-packages/rest_framework/serializers.py", line 210, in save
    self.instance = self.create(validated_data)
                    ~~~~~~~~~~~^^^^^^^^^^^^^^^^
  File "/usr/local/Cellar/python@3.13/3.13.7/Frameworks/Python.framework/Versions/3.13/lib/python3.13/contextlib.py", line 85, in inner
    return func(*args, **kwds)
  File "/Users/mac/Desktop/driving_school_saas/DriveApp/serializers.py", line 112, in create
    user.save()
    ~~~~~~~~~^^
  File "/Users/mac/Desktop/driving_school_saas/venv/lib/python3.13/site-packages/django/contrib/auth/base_user.py", line 65, in save
    super().save(*args, **kwargs)
    ~~~~~~~~~~~~^^^^^^^^^^^^^^^^^
  File "/Users/mac/Desktop/driving_school_saas/venv/lib/python3.13/site-packages/django/db/models/base.py", line 902, in save
    self.save_base(
    ~~~~~~~~~~~~~~^
        using=using,
        ^^^^^^^^^^^^
    ...<2 lines>...
        update_fields=update_fields,
        ^^^^^^^^^^^^^^^^^^^^^^^^^^^^
    )
    ^
  File "/Users/mac/Desktop/driving_school_saas/venv/lib/python3.13/site-packages/django/db/models/base.py", line 1008, in save_base
    updated = self._save_table(
        raw,
    ...<4 lines>...
        update_fields,
    )
  File "/Users/mac/Desktop/driving_school_saas/venv/lib/python3.13/site-packages/django/db/models/base.py", line 1169, in _save_table
    results = self._do_insert(
        cls._base_manager, using, fields, returning_fields, raw
    )
  File "/Users/mac/Desktop/driving_school_saas/venv/lib/python3.13/site-packages/django/db/models/base.py", line 1210, in _do_insert
    return manager._insert(
           ~~~~~~~~~~~~~~~^
        [self],
        ^^^^^^^
    ...<3 lines>...
        raw=raw,
        ^^^^^^^^
    )
    ^
  File "/Users/mac/Desktop/driving_school_saas/venv/lib/python3.13/site-packages/django/db/models/manager.py", line 87, in manager_method
    return getattr(self.get_queryset(), name)(*args, **kwargs)
           ~~~~~~~~~~~~~~~~~~~~~~~~~~~~~~~~~~^^^^^^^^^^^^^^^^^
  File "/Users/mac/Desktop/driving_school_saas/venv/lib/python3.13/site-packages/django/db/models/query.py", line 1873, in _insert
    return query.get_compiler(using=using).execute_sql(returning_fields)
           ~~~~~~~~~~~~~~~~~~~~~~~~~~~~~~~~~~~~~~~~~~~^^^^^^^^^^^^^^^^^^
  File "/Users/mac/Desktop/driving_school_saas/venv/lib/python3.13/site-packages/django/db/models/sql/compiler.py", line 1882, in execute_sql
    cursor.execute(sql, params)
    ~~~~~~~~~~~~~~^^^^^^^^^^^^^
  File "/Users/mac/Desktop/driving_school_saas/venv/lib/python3.13/site-packages/debug_toolbar/panels/sql/tracking.py", line 231, in execute
    return self._record(super().execute, sql, params)
           ~~~~~~~~~~~~^^^^^^^^^^^^^^^^^^^^^^^^^^^^^^
  File "/Users/mac/Desktop/driving_school_saas/venv/lib/python3.13/site-packages/debug_toolbar/panels/sql/tracking.py", line 157, in _record
    return method(sql, params)
  File "/Users/mac/Desktop/driving_school_saas/venv/lib/python3.13/site-packages/django/db/backends/utils.py", line 122, in execute
    return super().execute(sql, params)
           ~~~~~~~~~~~~~~~^^^^^^^^^^^^^
  File "/Users/mac/Desktop/driving_school_saas/venv/lib/python3.13/site-packages/django/db/backends/utils.py", line 79, in execute
    return self._execute_with_wrappers(
           ~~~~~~~~~~~~~~~~~~~~~~~~~~~^
        sql, params, many=False, executor=self._execute
        ^^^^^^^^^^^^^^^^^^^^^^^^^^^^^^^^^^^^^^^^^^^^^^^
    )
    ^
  File "/Users/mac/Desktop/driving_school_saas/venv/lib/python3.13/site-packages/django/db/backends/utils.py", line 92, in _execute_with_wrappers
    return executor(sql, params, many, context)
  File "/Users/mac/Desktop/driving_school_saas/venv/lib/python3.13/site-packages/django/db/backends/utils.py", line 100, in _execute
    with self.db.wrap_database_errors:
         ^^^^^^^^^^^^^^^^^^^^^^^^^^^^
  File "/Users/mac/Desktop/driving_school_saas/venv/lib/python3.13/site-packages/django/db/utils.py", line 91, in __exit__
    raise dj_exc_value.with_traceback(traceback) from exc_value
  File "/Users/mac/Desktop/driving_school_saas/venv/lib/python3.13/site-packages/django/db/backends/utils.py", line 105, in _execute
    return self.cursor.execute(sql, params)
           ~~~~~~~~~~~~~~~~~~~^^^^^^^^^^^^^
  File "/Users/mac/Desktop/driving_school_saas/venv/lib/python3.13/site-packages/django/db/backends/mysql/base.py", line 76, in execute
    return self.cursor.execute(query, args)
           ~~~~~~~~~~~~~~~~~~~^^^^^^^^^^^^^
  File "/Users/mac/Desktop/driving_school_saas/venv/lib/python3.13/site-packages/pymysql/cursors.py", line 153, in execute
    result = self._query(query)
  File "/Users/mac/Desktop/driving_school_saas/venv/lib/python3.13/site-packages/pymysql/cursors.py", line 322, in _query
    conn.query(q)
    ~~~~~~~~~~^^^
  File "/Users/mac/Desktop/driving_school_saas/venv/lib/python3.13/site-packages/pymysql/connections.py", line 575, in query
    self._affected_rows = self._read_query_result(unbuffered=unbuffered)
                          ~~~~~~~~~~~~~~~~~~~~~~~^^^^^^^^^^^^^^^^^^^^^^^
  File "/Users/mac/Desktop/driving_school_saas/venv/lib/python3.13/site-packages/pymysql/connections.py", line 826, in _read_query_result
    result.read()
    ~~~~~~~~~~~^^
  File "/Users/mac/Desktop/driving_school_saas/venv/lib/python3.13/site-packages/pymysql/connections.py", line 1203, in read
    first_packet = self.connection._read_packet()
  File "/Users/mac/Desktop/driving_school_saas/venv/lib/python3.13/site-packages/pymysql/connections.py", line 782, in _read_packet
    packet.raise_for_error()
    ~~~~~~~~~~~~~~~~~~~~~~^^
  File "/Users/mac/Desktop/driving_school_saas/venv/lib/python3.13/site-packages/pymysql/protocol.py", line 219, in raise_for_error
    err.raise_mysql_exception(self._data)
    ~~~~~~~~~~~~~~~~~~~~~~~~~^^^^^^^^^^^^
  File "/Users/mac/Desktop/driving_school_saas/venv/lib/python3.13/site-packages/pymysql/err.py", line 150, in raise_mysql_exception
    raise errorclass(errno, errval)
django.db.utils.OperationalError: (1036, "Table 'driveapp_user' is read only")
ERROR 2026-01-22 16:12:14,294 log 2164 123145580851200 Internal Server Error: /api/auth/register/
Traceback (most recent call last):
  File "/Users/mac/Desktop/driving_school_saas/venv/lib/python3.13/site-packages/django/core/handlers/exception.py", line 55, in inner
    response = get_response(request)
  File "/Users/mac/Desktop/driving_school_saas/venv/lib/python3.13/site-packages/django/core/handlers/base.py", line 197, in _get_response
    response = wrapped_callback(request, *callback_args, **callback_kwargs)
  File "/Users/mac/Desktop/driving_school_saas/venv/lib/python3.13/site-packages/django/views/decorators/csrf.py", line 65, in _view_wrapper
    return view_func(request, *args, **kwargs)
  File "/Users/mac/Desktop/driving_school_saas/venv/lib/python3.13/site-packages/django/views/generic/base.py", line 105, in view
    return self.dispatch(request, *args, **kwargs)
           ~~~~~~~~~~~~~^^^^^^^^^^^^^^^^^^^^^^^^^^
  File "/Users/mac/Desktop/driving_school_saas/venv/lib/python3.13/site-packages/rest_framework/views.py", line 515, in dispatch
    response = self.handle_exception(exc)
  File "/Users/mac/Desktop/driving_school_saas/venv/lib/python3.13/site-packages/rest_framework/views.py", line 475, in handle_exception
    self.raise_uncaught_exception(exc)
    ~~~~~~~~~~~~~~~~~~~~~~~~~~~~~^^^^^
  File "/Users/mac/Desktop/driving_school_saas/venv/lib/python3.13/site-packages/rest_framework/views.py", line 486, in raise_uncaught_exception
    raise exc
  File "/Users/mac/Desktop/driving_school_saas/venv/lib/python3.13/site-packages/rest_framework/views.py", line 512, in dispatch
    response = handler(request, *args, **kwargs)
  File "/Users/mac/Desktop/driving_school_saas/venv/lib/python3.13/site-packages/rest_framework/decorators.py", line 50, in handler
    return func(*args, **kwargs)
  File "/Users/mac/Desktop/driving_school_saas/DriveApp/views.py", line 253, in register_view
    if user.role == 'A' and user.is_active:
       ^^^^
UnboundLocalError: cannot access local variable 'user' where it is not associated with a value
ERROR 2026-01-22 16:12:37,739 log 2164 123145597640704 Internal Server Error: /api/auth/register/
Traceback (most recent call last):
  File "/Users/mac/Desktop/driving_school_saas/venv/lib/python3.13/site-packages/django/core/handlers/exception.py", line 55, in inner
    response = get_response(request)
  File "/Users/mac/Desktop/driving_school_saas/venv/lib/python3.13/site-packages/django/core/handlers/base.py", line 197, in _get_response
    response = wrapped_callback(request, *callback_args, **callback_kwargs)
  File "/Users/mac/Desktop/driving_school_saas/venv/lib/python3.13/site-packages/django/views/decorators/csrf.py", line 65, in _view_wrapper
    return view_func(request, *args, **kwargs)
  File "/Users/mac/Desktop/driving_school_saas/venv/lib/python3.13/site-packages/django/views/generic/base.py", line 105, in view
    return self.dispatch(request, *args, **kwargs)
           ~~~~~~~~~~~~~^^^^^^^^^^^^^^^^^^^^^^^^^^
  File "/Users/mac/Desktop/driving_school_saas/venv/lib/python3.13/site-packages/rest_framework/views.py", line 515, in dispatch
    response = self.handle_exception(exc)
  File "/Users/mac/Desktop/driving_school_saas/venv/lib/python3.13/site-packages/rest_framework/views.py", line 475, in handle_exception
    self.raise_uncaught_exception(exc)
    ~~~~~~~~~~~~~~~~~~~~~~~~~~~~~^^^^^
  File "/Users/mac/Desktop/driving_school_saas/venv/lib/python3.13/site-packages/rest_framework/views.py", line 486, in raise_uncaught_exception
    raise exc
  File "/Users/mac/Desktop/driving_school_saas/venv/lib/python3.13/site-packages/rest_framework/views.py", line 512, in dispatch
    response = handler(request, *args, **kwargs)
  File "/Users/mac/Desktop/driving_school_saas/venv/lib/python3.13/site-packages/rest_framework/decorators.py", line 50, in handler
    return func(*args, **kwargs)
  File "/Users/mac/Desktop/driving_school_saas/DriveApp/views.py", line 253, in register_view
    if user.role == 'A' and user.is_active:
       ^^^^
UnboundLocalError: cannot access local variable 'user' where it is not associated with a value
ERROR 2026-01-22 16:12:45,407 log 2164 123145614430208 Internal Server Error: /api/auth/register/
Traceback (most recent call last):
  File "/Users/mac/Desktop/driving_school_saas/venv/lib/python3.13/site-packages/django/core/handlers/exception.py", line 55, in inner
    response = get_response(request)
  File "/Users/mac/Desktop/driving_school_saas/venv/lib/python3.13/site-packages/django/core/handlers/base.py", line 197, in _get_response
    response = wrapped_callback(request, *callback_args, **callback_kwargs)
  File "/Users/mac/Desktop/driving_school_saas/venv/lib/python3.13/site-packages/django/views/decorators/csrf.py", line 65, in _view_wrapper
    return view_func(request, *args, **kwargs)
  File "/Users/mac/Desktop/driving_school_saas/venv/lib/python3.13/site-packages/django/views/generic/base.py", line 105, in view
    return self.dispatch(request, *args, **kwargs)
           ~~~~~~~~~~~~~^^^^^^^^^^^^^^^^^^^^^^^^^^
  File "/Users/mac/Desktop/driving_school_saas/venv/lib/python3.13/site-packages/rest_framework/views.py", line 515, in dispatch
    response = self.handle_exception(exc)
  File "/Users/mac/Desktop/driving_school_saas/venv/lib/python3.13/site-packages/rest_framework/views.py", line 475, in handle_exception
    self.raise_uncaught_exception(exc)
    ~~~~~~~~~~~~~~~~~~~~~~~~~~~~~^^^^^
  File "/Users/mac/Desktop/driving_school_saas/venv/lib/python3.13/site-packages/rest_framework/views.py", line 486, in raise_uncaught_exception
    raise exc
  File "/Users/mac/Desktop/driving_school_saas/venv/lib/python3.13/site-packages/rest_framework/views.py", line 512, in dispatch
    response = handler(request, *args, **kwargs)
  File "/Users/mac/Desktop/driving_school_saas/venv/lib/python3.13/site-packages/rest_framework/decorators.py", line 50, in handler
    return func(*args, **kwargs)
  File "/Users/mac/Desktop/driving_school_saas/DriveApp/views.py", line 253, in register_view
    if user.role == 'A' and user.is_active:
       ^^^^
UnboundLocalError: cannot access local variable 'user' where it is not associated with a value
ERROR 2026-01-22 16:20:29,912 log 2383 123145342042112 Internal Server Error: /api/auth/register/
Traceback (most recent call last):
  File "/Users/mac/Desktop/driving_school_saas/venv/lib/python3.13/site-packages/django/core/handlers/exception.py", line 55, in inner
    response = get_response(request)
  File "/Users/mac/Desktop/driving_school_saas/venv/lib/python3.13/site-packages/django/core/handlers/base.py", line 197, in _get_response
    response = wrapped_callback(request, *callback_args, **callback_kwargs)
  File "/Users/mac/Desktop/driving_school_saas/venv/lib/python3.13/site-packages/django/views/decorators/csrf.py", line 65, in _view_wrapper
    return view_func(request, *args, **kwargs)
  File "/Users/mac/Desktop/driving_school_saas/venv/lib/python3.13/site-packages/django/views/generic/base.py", line 105, in view
    return self.dispatch(request, *args, **kwargs)
           ~~~~~~~~~~~~~^^^^^^^^^^^^^^^^^^^^^^^^^^
  File "/Users/mac/Desktop/driving_school_saas/venv/lib/python3.13/site-packages/rest_framework/views.py", line 515, in dispatch
    response = self.handle_exception(exc)
  File "/Users/mac/Desktop/driving_school_saas/venv/lib/python3.13/site-packages/rest_framework/views.py", line 475, in handle_exception
    self.raise_uncaught_exception(exc)
    ~~~~~~~~~~~~~~~~~~~~~~~~~~~~~^^^^^
  File "/Users/mac/Desktop/driving_school_saas/venv/lib/python3.13/site-packages/rest_framework/views.py", line 486, in raise_uncaught_exception
    raise exc
  File "/Users/mac/Desktop/driving_school_saas/venv/lib/python3.13/site-packages/rest_framework/views.py", line 512, in dispatch
    response = handler(request, *args, **kwargs)
  File "/Users/mac/Desktop/driving_school_saas/venv/lib/python3.13/site-packages/rest_framework/decorators.py", line 50, in handler
    return func(*args, **kwargs)
  File "/Users/mac/Desktop/driving_school_saas/DriveApp/views.py", line 232, in register_view
    if user.role == 'A' and user.is_active:
       ^^^^
UnboundLocalError: cannot access local variable 'user' where it is not associated with a value
ERROR 2026-01-22 16:36:39,362 log 2531 123145437937664 Internal Server Error: /api/drivingschool/1/
Traceback (most recent call last):
  File "/Users/mac/Desktop/driving_school_saas/venv/lib/python3.13/site-packages/debug_toolbar/store.py", line 19, in default
    return super().default(o)
           ~~~~~~~~~~~~~~~^^^
  File "/Users/mac/Desktop/driving_school_saas/venv/lib/python3.13/site-packages/django/core/serializers/json.py", line 114, in default
    return super().default(o)
           ~~~~~~~~~~~~~~~^^^
  File "/usr/local/Cellar/python@3.13/3.13.7/Frameworks/Python.framework/Versions/3.13/lib/python3.13/json/encoder.py", line 180, in default
    raise TypeError(f'Object of type {o.__class__.__name__} '
                    f'is not JSON serializable')
TypeError: Object of type QuerySet is not JSON serializable

During handling of the above exception, another exception occurred:

Traceback (most recent call last):
  File "/Users/mac/Desktop/driving_school_saas/venv/lib/python3.13/site-packages/django/core/handlers/exception.py", line 55, in inner
    response = get_response(request)
  File "/Users/mac/Desktop/driving_school_saas/venv/lib/python3.13/site-packages/debug_toolbar/middleware.py", line 145, in __call__
    return self._postprocess(request, response, toolbar)
           ~~~~~~~~~~~~~~~~~^^^^^^^^^^^^^^^^^^^^^^^^^^^^
  File "/Users/mac/Desktop/driving_school_saas/venv/lib/python3.13/site-packages/debug_toolbar/middleware.py", line 182, in _postprocess
    panel.generate_stats(request, response)
    ~~~~~~~~~~~~~~~~~~~~^^^^^^^^^^^^^^^^^^^
  File "/Users/mac/Desktop/driving_school_saas/venv/lib/python3.13/site-packages/debug_toolbar/panels/cache.py", line 212, in generate_stats
    self.record_stats(
    ~~~~~~~~~~~~~~~~~^
        {
        ^
    ...<7 lines>...
        }
        ^
    )
    ^
  File "/Users/mac/Desktop/driving_school_saas/venv/lib/python3.13/site-packages/debug_toolbar/panels/__init__.py", line 194, in record_stats
    self.toolbar.store.save_panel(
    ~~~~~~~~~~~~~~~~~~~~~~~~~~~~~^
        self.toolbar.request_id, self.panel_id, self.toolbar.stats[self.panel_id]
        ^^^^^^^^^^^^^^^^^^^^^^^^^^^^^^^^^^^^^^^^^^^^^^^^^^^^^^^^^^^^^^^^^^^^^^^^^
    )
    ^
  File "/Users/mac/Desktop/driving_school_saas/venv/lib/python3.13/site-packages/debug_toolbar/store.py", line 118, in save_panel
    cls._request_store[request_id][panel_id] = serialize(data)
                                               ~~~~~~~~~^^^^^^
  File "/Users/mac/Desktop/driving_school_saas/venv/lib/python3.13/site-packages/debug_toolbar/store.py", line 28, in serialize
    return json.dumps(data, cls=DebugToolbarJSONEncoder)
           ~~~~~~~~~~^^^^^^^^^^^^^^^^^^^^^^^^^^^^^^^^^^^
  File "/usr/local/Cellar/python@3.13/3.13.7/Frameworks/Python.framework/Versions/3.13/lib/python3.13/json/__init__.py", line 238, in dumps
    **kw).encode(obj)
          ~~~~~~^^^^^
  File "/usr/local/Cellar/python@3.13/3.13.7/Frameworks/Python.framework/Versions/3.13/lib/python3.13/json/encoder.py", line 200, in encode
    chunks = self.iterencode(o, _one_shot=True)
  File "/usr/local/Cellar/python@3.13/3.13.7/Frameworks/Python.framework/Versions/3.13/lib/python3.13/json/encoder.py", line 261, in iterencode
    return _iterencode(o, 0)
  File "/Users/mac/Desktop/driving_school_saas/venv/lib/python3.13/site-packages/debug_toolbar/store.py", line 21, in default
    return force_str(o)
  File "/Users/mac/Desktop/driving_school_saas/venv/lib/python3.13/site-packages/debug_toolbar/sanitize.py", line 10, in force_str
    return force_string(s, *args, **kwargs)
  File "/Users/mac/Desktop/driving_school_saas/venv/lib/python3.13/site-packages/django/utils/encoding.py", line 69, in force_str
    s = str(s)
  File "/Users/mac/Desktop/driving_school_saas/venv/lib/python3.13/site-packages/django/db/models/query.py", line 365, in __repr__
    return "<%s %r>" % (self.__class__.__name__, data)
                                                 ^^^^
  File "/Users/mac/Desktop/driving_school_saas/venv/lib/python3.13/site-packages/django/db/models/base.py", line 590, in __repr__
    return "<%s: %s>" % (self.__class__.__name__, self)
                                                  ^^^^
TypeError: __str__ returned non-string (type NoneType)
ERROR 2026-01-22 16:36:55,711 log 2531 123145437937664 Internal Server Error: /api/drivingschool/
Traceback (most recent call last):
  File "/Users/mac/Desktop/driving_school_saas/venv/lib/python3.13/site-packages/debug_toolbar/store.py", line 19, in default
    return super().default(o)
           ~~~~~~~~~~~~~~~^^^
  File "/Users/mac/Desktop/driving_school_saas/venv/lib/python3.13/site-packages/django/core/serializers/json.py", line 114, in default
    return super().default(o)
           ~~~~~~~~~~~~~~~^^^
  File "/usr/local/Cellar/python@3.13/3.13.7/Frameworks/Python.framework/Versions/3.13/lib/python3.13/json/encoder.py", line 180, in default
    raise TypeError(f'Object of type {o.__class__.__name__} '
                    f'is not JSON serializable')
TypeError: Object of type QuerySet is not JSON serializable

During handling of the above exception, another exception occurred:

Traceback (most recent call last):
  File "/Users/mac/Desktop/driving_school_saas/venv/lib/python3.13/site-packages/django/core/handlers/exception.py", line 55, in inner
    response = get_response(request)
  File "/Users/mac/Desktop/driving_school_saas/venv/lib/python3.13/site-packages/debug_toolbar/middleware.py", line 145, in __call__
    return self._postprocess(request, response, toolbar)
           ~~~~~~~~~~~~~~~~~^^^^^^^^^^^^^^^^^^^^^^^^^^^^
  File "/Users/mac/Desktop/driving_school_saas/venv/lib/python3.13/site-packages/debug_toolbar/middleware.py", line 182, in _postprocess
    panel.generate_stats(request, response)
    ~~~~~~~~~~~~~~~~~~~~^^^^^^^^^^^^^^^^^^^
  File "/Users/mac/Desktop/driving_school_saas/venv/lib/python3.13/site-packages/debug_toolbar/panels/cache.py", line 212, in generate_stats
    self.record_stats(
    ~~~~~~~~~~~~~~~~~^
        {
        ^
    ...<7 lines>...
        }
        ^
    )
    ^
  File "/Users/mac/Desktop/driving_school_saas/venv/lib/python3.13/site-packages/debug_toolbar/panels/__init__.py", line 194, in record_stats
    self.toolbar.store.save_panel(
    ~~~~~~~~~~~~~~~~~~~~~~~~~~~~~^
        self.toolbar.request_id, self.panel_id, self.toolbar.stats[self.panel_id]
        ^^^^^^^^^^^^^^^^^^^^^^^^^^^^^^^^^^^^^^^^^^^^^^^^^^^^^^^^^^^^^^^^^^^^^^^^^
    )
    ^
  File "/Users/mac/Desktop/driving_school_saas/venv/lib/python3.13/site-packages/debug_toolbar/store.py", line 118, in save_panel
    cls._request_store[request_id][panel_id] = serialize(data)
                                               ~~~~~~~~~^^^^^^
  File "/Users/mac/Desktop/driving_school_saas/venv/lib/python3.13/site-packages/debug_toolbar/store.py", line 28, in serialize
    return json.dumps(data, cls=DebugToolbarJSONEncoder)
           ~~~~~~~~~~^^^^^^^^^^^^^^^^^^^^^^^^^^^^^^^^^^^
  File "/usr/local/Cellar/python@3.13/3.13.7/Frameworks/Python.framework/Versions/3.13/lib/python3.13/json/__init__.py", line 238, in dumps
    **kw).encode(obj)
          ~~~~~~^^^^^
  File "/usr/local/Cellar/python@3.13/3.13.7/Frameworks/Python.framework/Versions/3.13/lib/python3.13/json/encoder.py", line 200, in encode
    chunks = self.iterencode(o, _one_shot=True)
  File "/usr/local/Cellar/python@3.13/3.13.7/Frameworks/Python.framework/Versions/3.13/lib/python3.13/json/encoder.py", line 261, in iterencode
    return _iterencode(o, 0)
  File "/Users/mac/Desktop/driving_school_saas/venv/lib/python3.13/site-packages/debug_toolbar/store.py", line 21, in default
    return force_str(o)
  File "/Users/mac/Desktop/driving_school_saas/venv/lib/python3.13/site-packages/debug_toolbar/sanitize.py", line 10, in force_str
    return force_string(s, *args, **kwargs)
  File "/Users/mac/Desktop/driving_school_saas/venv/lib/python3.13/site-packages/django/utils/encoding.py", line 69, in force_str
    s = str(s)
  File "/Users/mac/Desktop/driving_school_saas/venv/lib/python3.13/site-packages/django/db/models/query.py", line 365, in __repr__
    return "<%s %r>" % (self.__class__.__name__, data)
                                                 ^^^^
  File "/Users/mac/Desktop/driving_school_saas/venv/lib/python3.13/site-packages/django/db/models/base.py", line 590, in __repr__
    return "<%s: %s>" % (self.__class__.__name__, self)
                                                  ^^^^
TypeError: __str__ returned non-string (type NoneType)
ERROR 2026-01-22 16:37:24,319 log 2531 123145437937664 Internal Server Error: /api/drivingschool/
Traceback (most recent call last):
  File "/Users/mac/Desktop/driving_school_saas/venv/lib/python3.13/site-packages/debug_toolbar/store.py", line 19, in default
    return super().default(o)
           ~~~~~~~~~~~~~~~^^^
  File "/Users/mac/Desktop/driving_school_saas/venv/lib/python3.13/site-packages/django/core/serializers/json.py", line 114, in default
    return super().default(o)
           ~~~~~~~~~~~~~~~^^^
  File "/usr/local/Cellar/python@3.13/3.13.7/Frameworks/Python.framework/Versions/3.13/lib/python3.13/json/encoder.py", line 180, in default
    raise TypeError(f'Object of type {o.__class__.__name__} '
                    f'is not JSON serializable')
TypeError: Object of type QuerySet is not JSON serializable

During handling of the above exception, another exception occurred:

Traceback (most recent call last):
  File "/Users/mac/Desktop/driving_school_saas/venv/lib/python3.13/site-packages/django/core/handlers/exception.py", line 55, in inner
    response = get_response(request)
  File "/Users/mac/Desktop/driving_school_saas/venv/lib/python3.13/site-packages/debug_toolbar/middleware.py", line 145, in __call__
    return self._postprocess(request, response, toolbar)
           ~~~~~~~~~~~~~~~~~^^^^^^^^^^^^^^^^^^^^^^^^^^^^
  File "/Users/mac/Desktop/driving_school_saas/venv/lib/python3.13/site-packages/debug_toolbar/middleware.py", line 182, in _postprocess
    panel.generate_stats(request, response)
    ~~~~~~~~~~~~~~~~~~~~^^^^^^^^^^^^^^^^^^^
  File "/Users/mac/Desktop/driving_school_saas/venv/lib/python3.13/site-packages/debug_toolbar/panels/cache.py", line 212, in generate_stats
    self.record_stats(
    ~~~~~~~~~~~~~~~~~^
        {
        ^
    ...<7 lines>...
        }
        ^
    )
    ^
  File "/Users/mac/Desktop/driving_school_saas/venv/lib/python3.13/site-packages/debug_toolbar/panels/__init__.py", line 194, in record_stats
    self.toolbar.store.save_panel(
    ~~~~~~~~~~~~~~~~~~~~~~~~~~~~~^
        self.toolbar.request_id, self.panel_id, self.toolbar.stats[self.panel_id]
        ^^^^^^^^^^^^^^^^^^^^^^^^^^^^^^^^^^^^^^^^^^^^^^^^^^^^^^^^^^^^^^^^^^^^^^^^^
    )
    ^
  File "/Users/mac/Desktop/driving_school_saas/venv/lib/python3.13/site-packages/debug_toolbar/store.py", line 118, in save_panel
    cls._request_store[request_id][panel_id] = serialize(data)
                                               ~~~~~~~~~^^^^^^
  File "/Users/mac/Desktop/driving_school_saas/venv/lib/python3.13/site-packages/debug_toolbar/store.py", line 28, in serialize
    return json.dumps(data, cls=DebugToolbarJSONEncoder)
           ~~~~~~~~~~^^^^^^^^^^^^^^^^^^^^^^^^^^^^^^^^^^^
  File "/usr/local/Cellar/python@3.13/3.13.7/Frameworks/Python.framework/Versions/3.13/lib/python3.13/json/__init__.py", line 238, in dumps
    **kw).encode(obj)
          ~~~~~~^^^^^
  File "/usr/local/Cellar/python@3.13/3.13.7/Frameworks/Python.framework/Versions/3.13/lib/python3.13/json/encoder.py", line 200, in encode
    chunks = self.iterencode(o, _one_shot=True)
  File "/usr/local/Cellar/python@3.13/3.13.7/Frameworks/Python.framework/Versions/3.13/lib/python3.13/json/encoder.py", line 261, in iterencode
    return _iterencode(o, 0)
  File "/Users/mac/Desktop/driving_school_saas/venv/lib/python3.13/site-packages/debug_toolbar/store.py", line 21, in default
    return force_str(o)
  File "/Users/mac/Desktop/driving_school_saas/venv/lib/python3.13/site-packages/debug_toolbar/sanitize.py", line 10, in force_str
    return force_string(s, *args, **kwargs)
  File "/Users/mac/Desktop/driving_school_saas/venv/lib/python3.13/site-packages/django/utils/encoding.py", line 69, in force_str
    s = str(s)
  File "/Users/mac/Desktop/driving_school_saas/venv/lib/python3.13/site-packages/django/db/models/query.py", line 365, in __repr__
    return "<%s %r>" % (self.__class__.__name__, data)
                                                 ^^^^
  File "/Users/mac/Desktop/driving_school_saas/venv/lib/python3.13/site-packages/django/db/models/base.py", line 590, in __repr__
    return "<%s: %s>" % (self.__class__.__name__, self)
                                                  ^^^^
TypeError: __str__ returned non-string (type NoneType)
ERROR 2026-01-22 16:37:42,789 log 2531 123145437937664 Internal Server Error: /api/drivingschool/
Traceback (most recent call last):
  File "/Users/mac/Desktop/driving_school_saas/venv/lib/python3.13/site-packages/debug_toolbar/store.py", line 19, in default
    return super().default(o)
           ~~~~~~~~~~~~~~~^^^
  File "/Users/mac/Desktop/driving_school_saas/venv/lib/python3.13/site-packages/django/core/serializers/json.py", line 114, in default
    return super().default(o)
           ~~~~~~~~~~~~~~~^^^
  File "/usr/local/Cellar/python@3.13/3.13.7/Frameworks/Python.framework/Versions/3.13/lib/python3.13/json/encoder.py", line 180, in default
    raise TypeError(f'Object of type {o.__class__.__name__} '
                    f'is not JSON serializable')
TypeError: Object of type QuerySet is not JSON serializable

During handling of the above exception, another exception occurred:

Traceback (most recent call last):
  File "/Users/mac/Desktop/driving_school_saas/venv/lib/python3.13/site-packages/django/core/handlers/exception.py", line 55, in inner
    response = get_response(request)
  File "/Users/mac/Desktop/driving_school_saas/venv/lib/python3.13/site-packages/debug_toolbar/middleware.py", line 145, in __call__
    return self._postprocess(request, response, toolbar)
           ~~~~~~~~~~~~~~~~~^^^^^^^^^^^^^^^^^^^^^^^^^^^^
  File "/Users/mac/Desktop/driving_school_saas/venv/lib/python3.13/site-packages/debug_toolbar/middleware.py", line 182, in _postprocess
    panel.generate_stats(request, response)
    ~~~~~~~~~~~~~~~~~~~~^^^^^^^^^^^^^^^^^^^
  File "/Users/mac/Desktop/driving_school_saas/venv/lib/python3.13/site-packages/debug_toolbar/panels/cache.py", line 212, in generate_stats
    self.record_stats(
    ~~~~~~~~~~~~~~~~~^
        {
        ^
    ...<7 lines>...
        }
        ^
    )
    ^
  File "/Users/mac/Desktop/driving_school_saas/venv/lib/python3.13/site-packages/debug_toolbar/panels/__init__.py", line 194, in record_stats
    self.toolbar.store.save_panel(
    ~~~~~~~~~~~~~~~~~~~~~~~~~~~~~^
        self.toolbar.request_id, self.panel_id, self.toolbar.stats[self.panel_id]
        ^^^^^^^^^^^^^^^^^^^^^^^^^^^^^^^^^^^^^^^^^^^^^^^^^^^^^^^^^^^^^^^^^^^^^^^^^
    )
    ^
  File "/Users/mac/Desktop/driving_school_saas/venv/lib/python3.13/site-packages/debug_toolbar/store.py", line 118, in save_panel
    cls._request_store[request_id][panel_id] = serialize(data)
                                               ~~~~~~~~~^^^^^^
  File "/Users/mac/Desktop/driving_school_saas/venv/lib/python3.13/site-packages/debug_toolbar/store.py", line 28, in serialize
    return json.dumps(data, cls=DebugToolbarJSONEncoder)
           ~~~~~~~~~~^^^^^^^^^^^^^^^^^^^^^^^^^^^^^^^^^^^
  File "/usr/local/Cellar/python@3.13/3.13.7/Frameworks/Python.framework/Versions/3.13/lib/python3.13/json/__init__.py", line 238, in dumps
    **kw).encode(obj)
          ~~~~~~^^^^^
  File "/usr/local/Cellar/python@3.13/3.13.7/Frameworks/Python.framework/Versions/3.13/lib/python3.13/json/encoder.py", line 200, in encode
    chunks = self.iterencode(o, _one_shot=True)
  File "/usr/local/Cellar/python@3.13/3.13.7/Frameworks/Python.framework/Versions/3.13/lib/python3.13/json/encoder.py", line 261, in iterencode
    return _iterencode(o, 0)
  File "/Users/mac/Desktop/driving_school_saas/venv/lib/python3.13/site-packages/debug_toolbar/store.py", line 21, in default
    return force_str(o)
  File "/Users/mac/Desktop/driving_school_saas/venv/lib/python3.13/site-packages/debug_toolbar/sanitize.py", line 10, in force_str
    return force_string(s, *args, **kwargs)
  File "/Users/mac/Desktop/driving_school_saas/venv/lib/python3.13/site-packages/django/utils/encoding.py", line 69, in force_str
    s = str(s)
  File "/Users/mac/Desktop/driving_school_saas/venv/lib/python3.13/site-packages/django/db/models/query.py", line 365, in __repr__
    return "<%s %r>" % (self.__class__.__name__, data)
                                                 ^^^^
  File "/Users/mac/Desktop/driving_school_saas/venv/lib/python3.13/site-packages/django/db/models/base.py", line 590, in __repr__
    return "<%s: %s>" % (self.__class__.__name__, self)
                                                  ^^^^
TypeError: __str__ returned non-string (type NoneType)
ERROR 2026-01-22 16:38:35,256 log 2531 123145437937664 Internal Server Error: /api/drivingschool/
Traceback (most recent call last):
  File "/Users/mac/Desktop/driving_school_saas/venv/lib/python3.13/site-packages/debug_toolbar/store.py", line 19, in default
    return super().default(o)
           ~~~~~~~~~~~~~~~^^^
  File "/Users/mac/Desktop/driving_school_saas/venv/lib/python3.13/site-packages/django/core/serializers/json.py", line 114, in default
    return super().default(o)
           ~~~~~~~~~~~~~~~^^^
  File "/usr/local/Cellar/python@3.13/3.13.7/Frameworks/Python.framework/Versions/3.13/lib/python3.13/json/encoder.py", line 180, in default
    raise TypeError(f'Object of type {o.__class__.__name__} '
                    f'is not JSON serializable')
TypeError: Object of type QuerySet is not JSON serializable

During handling of the above exception, another exception occurred:

Traceback (most recent call last):
  File "/Users/mac/Desktop/driving_school_saas/venv/lib/python3.13/site-packages/django/core/handlers/exception.py", line 55, in inner
    response = get_response(request)
  File "/Users/mac/Desktop/driving_school_saas/venv/lib/python3.13/site-packages/debug_toolbar/middleware.py", line 145, in __call__
    return self._postprocess(request, response, toolbar)
           ~~~~~~~~~~~~~~~~~^^^^^^^^^^^^^^^^^^^^^^^^^^^^
  File "/Users/mac/Desktop/driving_school_saas/venv/lib/python3.13/site-packages/debug_toolbar/middleware.py", line 182, in _postprocess
    panel.generate_stats(request, response)
    ~~~~~~~~~~~~~~~~~~~~^^^^^^^^^^^^^^^^^^^
  File "/Users/mac/Desktop/driving_school_saas/venv/lib/python3.13/site-packages/debug_toolbar/panels/cache.py", line 212, in generate_stats
    self.record_stats(
    ~~~~~~~~~~~~~~~~~^
        {
        ^
    ...<7 lines>...
        }
        ^
    )
    ^
  File "/Users/mac/Desktop/driving_school_saas/venv/lib/python3.13/site-packages/debug_toolbar/panels/__init__.py", line 194, in record_stats
    self.toolbar.store.save_panel(
    ~~~~~~~~~~~~~~~~~~~~~~~~~~~~~^
        self.toolbar.request_id, self.panel_id, self.toolbar.stats[self.panel_id]
        ^^^^^^^^^^^^^^^^^^^^^^^^^^^^^^^^^^^^^^^^^^^^^^^^^^^^^^^^^^^^^^^^^^^^^^^^^
    )
    ^
  File "/Users/mac/Desktop/driving_school_saas/venv/lib/python3.13/site-packages/debug_toolbar/store.py", line 118, in save_panel
    cls._request_store[request_id][panel_id] = serialize(data)
                                               ~~~~~~~~~^^^^^^
  File "/Users/mac/Desktop/driving_school_saas/venv/lib/python3.13/site-packages/debug_toolbar/store.py", line 28, in serialize
    return json.dumps(data, cls=DebugToolbarJSONEncoder)
           ~~~~~~~~~~^^^^^^^^^^^^^^^^^^^^^^^^^^^^^^^^^^^
  File "/usr/local/Cellar/python@3.13/3.13.7/Frameworks/Python.framework/Versions/3.13/lib/python3.13/json/__init__.py", line 238, in dumps
    **kw).encode(obj)
          ~~~~~~^^^^^
  File "/usr/local/Cellar/python@3.13/3.13.7/Frameworks/Python.framework/Versions/3.13/lib/python3.13/json/encoder.py", line 200, in encode
    chunks = self.iterencode(o, _one_shot=True)
  File "/usr/local/Cellar/python@3.13/3.13.7/Frameworks/Python.framework/Versions/3.13/lib/python3.13/json/encoder.py", line 261, in iterencode
    return _iterencode(o, 0)
  File "/Users/mac/Desktop/driving_school_saas/venv/lib/python3.13/site-packages/debug_toolbar/store.py", line 21, in default
    return force_str(o)
  File "/Users/mac/Desktop/driving_school_saas/venv/lib/python3.13/site-packages/debug_toolbar/sanitize.py", line 10, in force_str
    return force_string(s, *args, **kwargs)
  File "/Users/mac/Desktop/driving_school_saas/venv/lib/python3.13/site-packages/django/utils/encoding.py", line 69, in force_str
    s = str(s)
  File "/Users/mac/Desktop/driving_school_saas/venv/lib/python3.13/site-packages/django/db/models/query.py", line 365, in __repr__
    return "<%s %r>" % (self.__class__.__name__, data)
                                                 ^^^^
  File "/Users/mac/Desktop/driving_school_saas/venv/lib/python3.13/site-packages/django/db/models/base.py", line 590, in __repr__
    return "<%s: %s>" % (self.__class__.__name__, self)
                                                  ^^^^
TypeError: __str__ returned non-string (type NoneType)
ERROR 2026-01-22 16:39:09,689 log 2531 123145437937664 Internal Server Error: /api/drivingschool/
Traceback (most recent call last):
  File "/Users/mac/Desktop/driving_school_saas/venv/lib/python3.13/site-packages/debug_toolbar/store.py", line 19, in default
    return super().default(o)
           ~~~~~~~~~~~~~~~^^^
  File "/Users/mac/Desktop/driving_school_saas/venv/lib/python3.13/site-packages/django/core/serializers/json.py", line 114, in default
    return super().default(o)
           ~~~~~~~~~~~~~~~^^^
  File "/usr/local/Cellar/python@3.13/3.13.7/Frameworks/Python.framework/Versions/3.13/lib/python3.13/json/encoder.py", line 180, in default
    raise TypeError(f'Object of type {o.__class__.__name__} '
                    f'is not JSON serializable')
TypeError: Object of type QuerySet is not JSON serializable

During handling of the above exception, another exception occurred:

Traceback (most recent call last):
  File "/Users/mac/Desktop/driving_school_saas/venv/lib/python3.13/site-packages/django/core/handlers/exception.py", line 55, in inner
    response = get_response(request)
  File "/Users/mac/Desktop/driving_school_saas/venv/lib/python3.13/site-packages/debug_toolbar/middleware.py", line 145, in __call__
    return self._postprocess(request, response, toolbar)
           ~~~~~~~~~~~~~~~~~^^^^^^^^^^^^^^^^^^^^^^^^^^^^
  File "/Users/mac/Desktop/driving_school_saas/venv/lib/python3.13/site-packages/debug_toolbar/middleware.py", line 182, in _postprocess
    panel.generate_stats(request, response)
    ~~~~~~~~~~~~~~~~~~~~^^^^^^^^^^^^^^^^^^^
  File "/Users/mac/Desktop/driving_school_saas/venv/lib/python3.13/site-packages/debug_toolbar/panels/cache.py", line 212, in generate_stats
    self.record_stats(
    ~~~~~~~~~~~~~~~~~^
        {
        ^
    ...<7 lines>...
        }
        ^
    )
    ^
  File "/Users/mac/Desktop/driving_school_saas/venv/lib/python3.13/site-packages/debug_toolbar/panels/__init__.py", line 194, in record_stats
    self.toolbar.store.save_panel(
    ~~~~~~~~~~~~~~~~~~~~~~~~~~~~~^
        self.toolbar.request_id, self.panel_id, self.toolbar.stats[self.panel_id]
        ^^^^^^^^^^^^^^^^^^^^^^^^^^^^^^^^^^^^^^^^^^^^^^^^^^^^^^^^^^^^^^^^^^^^^^^^^
    )
    ^
  File "/Users/mac/Desktop/driving_school_saas/venv/lib/python3.13/site-packages/debug_toolbar/store.py", line 118, in save_panel
    cls._request_store[request_id][panel_id] = serialize(data)
                                               ~~~~~~~~~^^^^^^
  File "/Users/mac/Desktop/driving_school_saas/venv/lib/python3.13/site-packages/debug_toolbar/store.py", line 28, in serialize
    return json.dumps(data, cls=DebugToolbarJSONEncoder)
           ~~~~~~~~~~^^^^^^^^^^^^^^^^^^^^^^^^^^^^^^^^^^^
  File "/usr/local/Cellar/python@3.13/3.13.7/Frameworks/Python.framework/Versions/3.13/lib/python3.13/json/__init__.py", line 238, in dumps
    **kw).encode(obj)
          ~~~~~~^^^^^
  File "/usr/local/Cellar/python@3.13/3.13.7/Frameworks/Python.framework/Versions/3.13/lib/python3.13/json/encoder.py", line 200, in encode
    chunks = self.iterencode(o, _one_shot=True)
  File "/usr/local/Cellar/python@3.13/3.13.7/Frameworks/Python.framework/Versions/3.13/lib/python3.13/json/encoder.py", line 261, in iterencode
    return _iterencode(o, 0)
  File "/Users/mac/Desktop/driving_school_saas/venv/lib/python3.13/site-packages/debug_toolbar/store.py", line 21, in default
    return force_str(o)
  File "/Users/mac/Desktop/driving_school_saas/venv/lib/python3.13/site-packages/debug_toolbar/sanitize.py", line 10, in force_str
    return force_string(s, *args, **kwargs)
  File "/Users/mac/Desktop/driving_school_saas/venv/lib/python3.13/site-packages/django/utils/encoding.py", line 69, in force_str
    s = str(s)
  File "/Users/mac/Desktop/driving_school_saas/venv/lib/python3.13/site-packages/django/db/models/query.py", line 365, in __repr__
    return "<%s %r>" % (self.__class__.__name__, data)
                                                 ^^^^
  File "/Users/mac/Desktop/driving_school_saas/venv/lib/python3.13/site-packages/django/db/models/base.py", line 590, in __repr__
    return "<%s: %s>" % (self.__class__.__name__, self)
                                                  ^^^^
TypeError: __str__ returned non-string (type NoneType)
ERROR 2026-01-22 16:40:20,520 log 2531 123145454727168 Internal Server Error: /api/drivingschool/
Traceback (most recent call last):
  File "/Users/mac/Desktop/driving_school_saas/venv/lib/python3.13/site-packages/debug_toolbar/store.py", line 19, in default
    return super().default(o)
           ~~~~~~~~~~~~~~~^^^
  File "/Users/mac/Desktop/driving_school_saas/venv/lib/python3.13/site-packages/django/core/serializers/json.py", line 114, in default
    return super().default(o)
           ~~~~~~~~~~~~~~~^^^
  File "/usr/local/Cellar/python@3.13/3.13.7/Frameworks/Python.framework/Versions/3.13/lib/python3.13/json/encoder.py", line 180, in default
    raise TypeError(f'Object of type {o.__class__.__name__} '
                    f'is not JSON serializable')
TypeError: Object of type QuerySet is not JSON serializable

During handling of the above exception, another exception occurred:

Traceback (most recent call last):
  File "/Users/mac/Desktop/driving_school_saas/venv/lib/python3.13/site-packages/django/core/handlers/exception.py", line 55, in inner
    response = get_response(request)
  File "/Users/mac/Desktop/driving_school_saas/venv/lib/python3.13/site-packages/debug_toolbar/middleware.py", line 145, in __call__
    return self._postprocess(request, response, toolbar)
           ~~~~~~~~~~~~~~~~~^^^^^^^^^^^^^^^^^^^^^^^^^^^^
  File "/Users/mac/Desktop/driving_school_saas/venv/lib/python3.13/site-packages/debug_toolbar/middleware.py", line 182, in _postprocess
    panel.generate_stats(request, response)
    ~~~~~~~~~~~~~~~~~~~~^^^^^^^^^^^^^^^^^^^
  File "/Users/mac/Desktop/driving_school_saas/venv/lib/python3.13/site-packages/debug_toolbar/panels/cache.py", line 212, in generate_stats
    self.record_stats(
    ~~~~~~~~~~~~~~~~~^
        {
        ^
    ...<7 lines>...
        }
        ^
    )
    ^
  File "/Users/mac/Desktop/driving_school_saas/venv/lib/python3.13/site-packages/debug_toolbar/panels/__init__.py", line 194, in record_stats
    self.toolbar.store.save_panel(
    ~~~~~~~~~~~~~~~~~~~~~~~~~~~~~^
        self.toolbar.request_id, self.panel_id, self.toolbar.stats[self.panel_id]
        ^^^^^^^^^^^^^^^^^^^^^^^^^^^^^^^^^^^^^^^^^^^^^^^^^^^^^^^^^^^^^^^^^^^^^^^^^
    )
    ^
  File "/Users/mac/Desktop/driving_school_saas/venv/lib/python3.13/site-packages/debug_toolbar/store.py", line 118, in save_panel
    cls._request_store[request_id][panel_id] = serialize(data)
                                               ~~~~~~~~~^^^^^^
  File "/Users/mac/Desktop/driving_school_saas/venv/lib/python3.13/site-packages/debug_toolbar/store.py", line 28, in serialize
    return json.dumps(data, cls=DebugToolbarJSONEncoder)
           ~~~~~~~~~~^^^^^^^^^^^^^^^^^^^^^^^^^^^^^^^^^^^
  File "/usr/local/Cellar/python@3.13/3.13.7/Frameworks/Python.framework/Versions/3.13/lib/python3.13/json/__init__.py", line 238, in dumps
    **kw).encode(obj)
          ~~~~~~^^^^^
  File "/usr/local/Cellar/python@3.13/3.13.7/Frameworks/Python.framework/Versions/3.13/lib/python3.13/json/encoder.py", line 200, in encode
    chunks = self.iterencode(o, _one_shot=True)
  File "/usr/local/Cellar/python@3.13/3.13.7/Frameworks/Python.framework/Versions/3.13/lib/python3.13/json/encoder.py", line 261, in iterencode
    return _iterencode(o, 0)
  File "/Users/mac/Desktop/driving_school_saas/venv/lib/python3.13/site-packages/debug_toolbar/store.py", line 21, in default
    return force_str(o)
  File "/Users/mac/Desktop/driving_school_saas/venv/lib/python3.13/site-packages/debug_toolbar/sanitize.py", line 10, in force_str
    return force_string(s, *args, **kwargs)
  File "/Users/mac/Desktop/driving_school_saas/venv/lib/python3.13/site-packages/django/utils/encoding.py", line 69, in force_str
    s = str(s)
  File "/Users/mac/Desktop/driving_school_saas/venv/lib/python3.13/site-packages/django/db/models/query.py", line 365, in __repr__
    return "<%s %r>" % (self.__class__.__name__, data)
                                                 ^^^^
  File "/Users/mac/Desktop/driving_school_saas/venv/lib/python3.13/site-packages/django/db/models/base.py", line 590, in __repr__
    return "<%s: %s>" % (self.__class__.__name__, self)
                                                  ^^^^
TypeError: __str__ returned non-string (type NoneType)
ERROR 2026-01-22 16:43:26,577 log 2531 123145437937664 Internal Server Error: /api/drivingschool/
Traceback (most recent call last):
  File "/Users/mac/Desktop/driving_school_saas/venv/lib/python3.13/site-packages/debug_toolbar/store.py", line 19, in default
    return super().default(o)
           ~~~~~~~~~~~~~~~^^^
  File "/Users/mac/Desktop/driving_school_saas/venv/lib/python3.13/site-packages/django/core/serializers/json.py", line 114, in default
    return super().default(o)
           ~~~~~~~~~~~~~~~^^^
  File "/usr/local/Cellar/python@3.13/3.13.7/Frameworks/Python.framework/Versions/3.13/lib/python3.13/json/encoder.py", line 180, in default
    raise TypeError(f'Object of type {o.__class__.__name__} '
                    f'is not JSON serializable')
TypeError: Object of type QuerySet is not JSON serializable

During handling of the above exception, another exception occurred:

Traceback (most recent call last):
  File "/Users/mac/Desktop/driving_school_saas/venv/lib/python3.13/site-packages/django/core/handlers/exception.py", line 55, in inner
    response = get_response(request)
  File "/Users/mac/Desktop/driving_school_saas/venv/lib/python3.13/site-packages/debug_toolbar/middleware.py", line 145, in __call__
    return self._postprocess(request, response, toolbar)
           ~~~~~~~~~~~~~~~~~^^^^^^^^^^^^^^^^^^^^^^^^^^^^
  File "/Users/mac/Desktop/driving_school_saas/venv/lib/python3.13/site-packages/debug_toolbar/middleware.py", line 182, in _postprocess
    panel.generate_stats(request, response)
    ~~~~~~~~~~~~~~~~~~~~^^^^^^^^^^^^^^^^^^^
  File "/Users/mac/Desktop/driving_school_saas/venv/lib/python3.13/site-packages/debug_toolbar/panels/cache.py", line 212, in generate_stats
    self.record_stats(
    ~~~~~~~~~~~~~~~~~^
        {
        ^
    ...<7 lines>...
        }
        ^
    )
    ^
  File "/Users/mac/Desktop/driving_school_saas/venv/lib/python3.13/site-packages/debug_toolbar/panels/__init__.py", line 194, in record_stats
    self.toolbar.store.save_panel(
    ~~~~~~~~~~~~~~~~~~~~~~~~~~~~~^
        self.toolbar.request_id, self.panel_id, self.toolbar.stats[self.panel_id]
        ^^^^^^^^^^^^^^^^^^^^^^^^^^^^^^^^^^^^^^^^^^^^^^^^^^^^^^^^^^^^^^^^^^^^^^^^^
    )
    ^
  File "/Users/mac/Desktop/driving_school_saas/venv/lib/python3.13/site-packages/debug_toolbar/store.py", line 118, in save_panel
    cls._request_store[request_id][panel_id] = serialize(data)
                                               ~~~~~~~~~^^^^^^
  File "/Users/mac/Desktop/driving_school_saas/venv/lib/python3.13/site-packages/debug_toolbar/store.py", line 28, in serialize
    return json.dumps(data, cls=DebugToolbarJSONEncoder)
           ~~~~~~~~~~^^^^^^^^^^^^^^^^^^^^^^^^^^^^^^^^^^^
  File "/usr/local/Cellar/python@3.13/3.13.7/Frameworks/Python.framework/Versions/3.13/lib/python3.13/json/__init__.py", line 238, in dumps
    **kw).encode(obj)
          ~~~~~~^^^^^
  File "/usr/local/Cellar/python@3.13/3.13.7/Frameworks/Python.framework/Versions/3.13/lib/python3.13/json/encoder.py", line 200, in encode
    chunks = self.iterencode(o, _one_shot=True)
  File "/usr/local/Cellar/python@3.13/3.13.7/Frameworks/Python.framework/Versions/3.13/lib/python3.13/json/encoder.py", line 261, in iterencode
    return _iterencode(o, 0)
  File "/Users/mac/Desktop/driving_school_saas/venv/lib/python3.13/site-packages/debug_toolbar/store.py", line 21, in default
    return force_str(o)
  File "/Users/mac/Desktop/driving_school_saas/venv/lib/python3.13/site-packages/debug_toolbar/sanitize.py", line 10, in force_str
    return force_string(s, *args, **kwargs)
  File "/Users/mac/Desktop/driving_school_saas/venv/lib/python3.13/site-packages/django/utils/encoding.py", line 69, in force_str
    s = str(s)
  File "/Users/mac/Desktop/driving_school_saas/venv/lib/python3.13/site-packages/django/db/models/query.py", line 365, in __repr__
    return "<%s %r>" % (self.__class__.__name__, data)
                                                 ^^^^
  File "/Users/mac/Desktop/driving_school_saas/venv/lib/python3.13/site-packages/django/db/models/base.py", line 590, in __repr__
    return "<%s: %s>" % (self.__class__.__name__, self)
                                                  ^^^^
TypeError: __str__ returned non-string (type NoneType)
ERROR 2026-01-22 16:44:10,028 log 2531 123145437937664 Internal Server Error: /api/drivingschool/
Traceback (most recent call last):
  File "/Users/mac/Desktop/driving_school_saas/venv/lib/python3.13/site-packages/debug_toolbar/store.py", line 19, in default
    return super().default(o)
           ~~~~~~~~~~~~~~~^^^
  File "/Users/mac/Desktop/driving_school_saas/venv/lib/python3.13/site-packages/django/core/serializers/json.py", line 114, in default
    return super().default(o)
           ~~~~~~~~~~~~~~~^^^
  File "/usr/local/Cellar/python@3.13/3.13.7/Frameworks/Python.framework/Versions/3.13/lib/python3.13/json/encoder.py", line 180, in default
    raise TypeError(f'Object of type {o.__class__.__name__} '
                    f'is not JSON serializable')
TypeError: Object of type QuerySet is not JSON serializable

During handling of the above exception, another exception occurred:

Traceback (most recent call last):
  File "/Users/mac/Desktop/driving_school_saas/venv/lib/python3.13/site-packages/django/core/handlers/exception.py", line 55, in inner
    response = get_response(request)
  File "/Users/mac/Desktop/driving_school_saas/venv/lib/python3.13/site-packages/debug_toolbar/middleware.py", line 145, in __call__
    return self._postprocess(request, response, toolbar)
           ~~~~~~~~~~~~~~~~~^^^^^^^^^^^^^^^^^^^^^^^^^^^^
  File "/Users/mac/Desktop/driving_school_saas/venv/lib/python3.13/site-packages/debug_toolbar/middleware.py", line 182, in _postprocess
    panel.generate_stats(request, response)
    ~~~~~~~~~~~~~~~~~~~~^^^^^^^^^^^^^^^^^^^
  File "/Users/mac/Desktop/driving_school_saas/venv/lib/python3.13/site-packages/debug_toolbar/panels/cache.py", line 212, in generate_stats
    self.record_stats(
    ~~~~~~~~~~~~~~~~~^
        {
        ^
    ...<7 lines>...
        }
        ^
    )
    ^
  File "/Users/mac/Desktop/driving_school_saas/venv/lib/python3.13/site-packages/debug_toolbar/panels/__init__.py", line 194, in record_stats
    self.toolbar.store.save_panel(
    ~~~~~~~~~~~~~~~~~~~~~~~~~~~~~^
        self.toolbar.request_id, self.panel_id, self.toolbar.stats[self.panel_id]
        ^^^^^^^^^^^^^^^^^^^^^^^^^^^^^^^^^^^^^^^^^^^^^^^^^^^^^^^^^^^^^^^^^^^^^^^^^
    )
    ^
  File "/Users/mac/Desktop/driving_school_saas/venv/lib/python3.13/site-packages/debug_toolbar/store.py", line 118, in save_panel
    cls._request_store[request_id][panel_id] = serialize(data)
                                               ~~~~~~~~~^^^^^^
  File "/Users/mac/Desktop/driving_school_saas/venv/lib/python3.13/site-packages/debug_toolbar/store.py", line 28, in serialize
    return json.dumps(data, cls=DebugToolbarJSONEncoder)
           ~~~~~~~~~~^^^^^^^^^^^^^^^^^^^^^^^^^^^^^^^^^^^
  File "/usr/local/Cellar/python@3.13/3.13.7/Frameworks/Python.framework/Versions/3.13/lib/python3.13/json/__init__.py", line 238, in dumps
    **kw).encode(obj)
          ~~~~~~^^^^^
  File "/usr/local/Cellar/python@3.13/3.13.7/Frameworks/Python.framework/Versions/3.13/lib/python3.13/json/encoder.py", line 200, in encode
    chunks = self.iterencode(o, _one_shot=True)
  File "/usr/local/Cellar/python@3.13/3.13.7/Frameworks/Python.framework/Versions/3.13/lib/python3.13/json/encoder.py", line 261, in iterencode
    return _iterencode(o, 0)
  File "/Users/mac/Desktop/driving_school_saas/venv/lib/python3.13/site-packages/debug_toolbar/store.py", line 21, in default
    return force_str(o)
  File "/Users/mac/Desktop/driving_school_saas/venv/lib/python3.13/site-packages/debug_toolbar/sanitize.py", line 10, in force_str
    return force_string(s, *args, **kwargs)
  File "/Users/mac/Desktop/driving_school_saas/venv/lib/python3.13/site-packages/django/utils/encoding.py", line 69, in force_str
    s = str(s)
  File "/Users/mac/Desktop/driving_school_saas/venv/lib/python3.13/site-packages/django/db/models/query.py", line 365, in __repr__
    return "<%s %r>" % (self.__class__.__name__, data)
                                                 ^^^^
  File "/Users/mac/Desktop/driving_school_saas/venv/lib/python3.13/site-packages/django/db/models/base.py", line 590, in __repr__
    return "<%s: %s>" % (self.__class__.__name__, self)
                                                  ^^^^
TypeError: __str__ returned non-string (type NoneType)
ERROR 2026-01-22 16:44:16,399 log 2531 123145437937664 Internal Server Error: /api/drivingschool/1/
Traceback (most recent call last):
  File "/Users/mac/Desktop/driving_school_saas/venv/lib/python3.13/site-packages/debug_toolbar/store.py", line 19, in default
    return super().default(o)
           ~~~~~~~~~~~~~~~^^^
  File "/Users/mac/Desktop/driving_school_saas/venv/lib/python3.13/site-packages/django/core/serializers/json.py", line 114, in default
    return super().default(o)
           ~~~~~~~~~~~~~~~^^^
  File "/usr/local/Cellar/python@3.13/3.13.7/Frameworks/Python.framework/Versions/3.13/lib/python3.13/json/encoder.py", line 180, in default
    raise TypeError(f'Object of type {o.__class__.__name__} '
                    f'is not JSON serializable')
TypeError: Object of type QuerySet is not JSON serializable

During handling of the above exception, another exception occurred:

Traceback (most recent call last):
  File "/Users/mac/Desktop/driving_school_saas/venv/lib/python3.13/site-packages/django/core/handlers/exception.py", line 55, in inner
    response = get_response(request)
  File "/Users/mac/Desktop/driving_school_saas/venv/lib/python3.13/site-packages/debug_toolbar/middleware.py", line 145, in __call__
    return self._postprocess(request, response, toolbar)
           ~~~~~~~~~~~~~~~~~^^^^^^^^^^^^^^^^^^^^^^^^^^^^
  File "/Users/mac/Desktop/driving_school_saas/venv/lib/python3.13/site-packages/debug_toolbar/middleware.py", line 182, in _postprocess
    panel.generate_stats(request, response)
    ~~~~~~~~~~~~~~~~~~~~^^^^^^^^^^^^^^^^^^^
  File "/Users/mac/Desktop/driving_school_saas/venv/lib/python3.13/site-packages/debug_toolbar/panels/cache.py", line 212, in generate_stats
    self.record_stats(
    ~~~~~~~~~~~~~~~~~^
        {
        ^
    ...<7 lines>...
        }
        ^
    )
    ^
  File "/Users/mac/Desktop/driving_school_saas/venv/lib/python3.13/site-packages/debug_toolbar/panels/__init__.py", line 194, in record_stats
    self.toolbar.store.save_panel(
    ~~~~~~~~~~~~~~~~~~~~~~~~~~~~~^
        self.toolbar.request_id, self.panel_id, self.toolbar.stats[self.panel_id]
        ^^^^^^^^^^^^^^^^^^^^^^^^^^^^^^^^^^^^^^^^^^^^^^^^^^^^^^^^^^^^^^^^^^^^^^^^^
    )
    ^
  File "/Users/mac/Desktop/driving_school_saas/venv/lib/python3.13/site-packages/debug_toolbar/store.py", line 118, in save_panel
    cls._request_store[request_id][panel_id] = serialize(data)
                                               ~~~~~~~~~^^^^^^
  File "/Users/mac/Desktop/driving_school_saas/venv/lib/python3.13/site-packages/debug_toolbar/store.py", line 28, in serialize
    return json.dumps(data, cls=DebugToolbarJSONEncoder)
           ~~~~~~~~~~^^^^^^^^^^^^^^^^^^^^^^^^^^^^^^^^^^^
  File "/usr/local/Cellar/python@3.13/3.13.7/Frameworks/Python.framework/Versions/3.13/lib/python3.13/json/__init__.py", line 238, in dumps
    **kw).encode(obj)
          ~~~~~~^^^^^
  File "/usr/local/Cellar/python@3.13/3.13.7/Frameworks/Python.framework/Versions/3.13/lib/python3.13/json/encoder.py", line 200, in encode
    chunks = self.iterencode(o, _one_shot=True)
  File "/usr/local/Cellar/python@3.13/3.13.7/Frameworks/Python.framework/Versions/3.13/lib/python3.13/json/encoder.py", line 261, in iterencode
    return _iterencode(o, 0)
  File "/Users/mac/Desktop/driving_school_saas/venv/lib/python3.13/site-packages/debug_toolbar/store.py", line 21, in default
    return force_str(o)
  File "/Users/mac/Desktop/driving_school_saas/venv/lib/python3.13/site-packages/debug_toolbar/sanitize.py", line 10, in force_str
    return force_string(s, *args, **kwargs)
  File "/Users/mac/Desktop/driving_school_saas/venv/lib/python3.13/site-packages/django/utils/encoding.py", line 69, in force_str
    s = str(s)
  File "/Users/mac/Desktop/driving_school_saas/venv/lib/python3.13/site-packages/django/db/models/query.py", line 365, in __repr__
    return "<%s %r>" % (self.__class__.__name__, data)
                                                 ^^^^
  File "/Users/mac/Desktop/driving_school_saas/venv/lib/python3.13/site-packages/django/db/models/base.py", line 590, in __repr__
    return "<%s: %s>" % (self.__class__.__name__, self)
                                                  ^^^^
TypeError: __str__ returned non-string (type NoneType)
ERROR 2026-01-22 16:47:57,896 log 2531 123145437937664 Internal Server Error: /api/drivingschool/1/
Traceback (most recent call last):
  File "/Users/mac/Desktop/driving_school_saas/venv/lib/python3.13/site-packages/debug_toolbar/store.py", line 19, in default
    return super().default(o)
           ~~~~~~~~~~~~~~~^^^
  File "/Users/mac/Desktop/driving_school_saas/venv/lib/python3.13/site-packages/django/core/serializers/json.py", line 114, in default
    return super().default(o)
           ~~~~~~~~~~~~~~~^^^
  File "/usr/local/Cellar/python@3.13/3.13.7/Frameworks/Python.framework/Versions/3.13/lib/python3.13/json/encoder.py", line 180, in default
    raise TypeError(f'Object of type {o.__class__.__name__} '
                    f'is not JSON serializable')
TypeError: Object of type QuerySet is not JSON serializable

During handling of the above exception, another exception occurred:

Traceback (most recent call last):
  File "/Users/mac/Desktop/driving_school_saas/venv/lib/python3.13/site-packages/django/core/handlers/exception.py", line 55, in inner
    response = get_response(request)
  File "/Users/mac/Desktop/driving_school_saas/venv/lib/python3.13/site-packages/debug_toolbar/middleware.py", line 145, in __call__
    return self._postprocess(request, response, toolbar)
           ~~~~~~~~~~~~~~~~~^^^^^^^^^^^^^^^^^^^^^^^^^^^^
  File "/Users/mac/Desktop/driving_school_saas/venv/lib/python3.13/site-packages/debug_toolbar/middleware.py", line 182, in _postprocess
    panel.generate_stats(request, response)
    ~~~~~~~~~~~~~~~~~~~~^^^^^^^^^^^^^^^^^^^
  File "/Users/mac/Desktop/driving_school_saas/venv/lib/python3.13/site-packages/debug_toolbar/panels/cache.py", line 212, in generate_stats
    self.record_stats(
    ~~~~~~~~~~~~~~~~~^
        {
        ^
    ...<7 lines>...
        }
        ^
    )
    ^
  File "/Users/mac/Desktop/driving_school_saas/venv/lib/python3.13/site-packages/debug_toolbar/panels/__init__.py", line 194, in record_stats
    self.toolbar.store.save_panel(
    ~~~~~~~~~~~~~~~~~~~~~~~~~~~~~^
        self.toolbar.request_id, self.panel_id, self.toolbar.stats[self.panel_id]
        ^^^^^^^^^^^^^^^^^^^^^^^^^^^^^^^^^^^^^^^^^^^^^^^^^^^^^^^^^^^^^^^^^^^^^^^^^
    )
    ^
  File "/Users/mac/Desktop/driving_school_saas/venv/lib/python3.13/site-packages/debug_toolbar/store.py", line 118, in save_panel
    cls._request_store[request_id][panel_id] = serialize(data)
                                               ~~~~~~~~~^^^^^^
  File "/Users/mac/Desktop/driving_school_saas/venv/lib/python3.13/site-packages/debug_toolbar/store.py", line 28, in serialize
    return json.dumps(data, cls=DebugToolbarJSONEncoder)
           ~~~~~~~~~~^^^^^^^^^^^^^^^^^^^^^^^^^^^^^^^^^^^
  File "/usr/local/Cellar/python@3.13/3.13.7/Frameworks/Python.framework/Versions/3.13/lib/python3.13/json/__init__.py", line 238, in dumps
    **kw).encode(obj)
          ~~~~~~^^^^^
  File "/usr/local/Cellar/python@3.13/3.13.7/Frameworks/Python.framework/Versions/3.13/lib/python3.13/json/encoder.py", line 200, in encode
    chunks = self.iterencode(o, _one_shot=True)
  File "/usr/local/Cellar/python@3.13/3.13.7/Frameworks/Python.framework/Versions/3.13/lib/python3.13/json/encoder.py", line 261, in iterencode
    return _iterencode(o, 0)
  File "/Users/mac/Desktop/driving_school_saas/venv/lib/python3.13/site-packages/debug_toolbar/store.py", line 21, in default
    return force_str(o)
  File "/Users/mac/Desktop/driving_school_saas/venv/lib/python3.13/site-packages/debug_toolbar/sanitize.py", line 10, in force_str
    return force_string(s, *args, **kwargs)
  File "/Users/mac/Desktop/driving_school_saas/venv/lib/python3.13/site-packages/django/utils/encoding.py", line 69, in force_str
    s = str(s)
  File "/Users/mac/Desktop/driving_school_saas/venv/lib/python3.13/site-packages/django/db/models/query.py", line 365, in __repr__
    return "<%s %r>" % (self.__class__.__name__, data)
                                                 ^^^^
  File "/Users/mac/Desktop/driving_school_saas/venv/lib/python3.13/site-packages/django/db/models/base.py", line 590, in __repr__
    return "<%s: %s>" % (self.__class__.__name__, self)
                                                  ^^^^
TypeError: __str__ returned non-string (type NoneType)
ERROR 2026-01-22 16:51:02,102 log 2531 123145488306176 Internal Server Error: /api/drivingschool/
Traceback (most recent call last):
  File "/Users/mac/Desktop/driving_school_saas/venv/lib/python3.13/site-packages/debug_toolbar/store.py", line 19, in default
    return super().default(o)
           ~~~~~~~~~~~~~~~^^^
  File "/Users/mac/Desktop/driving_school_saas/venv/lib/python3.13/site-packages/django/core/serializers/json.py", line 114, in default
    return super().default(o)
           ~~~~~~~~~~~~~~~^^^
  File "/usr/local/Cellar/python@3.13/3.13.7/Frameworks/Python.framework/Versions/3.13/lib/python3.13/json/encoder.py", line 180, in default
    raise TypeError(f'Object of type {o.__class__.__name__} '
                    f'is not JSON serializable')
TypeError: Object of type QuerySet is not JSON serializable

During handling of the above exception, another exception occurred:

Traceback (most recent call last):
  File "/Users/mac/Desktop/driving_school_saas/venv/lib/python3.13/site-packages/django/core/handlers/exception.py", line 55, in inner
    response = get_response(request)
  File "/Users/mac/Desktop/driving_school_saas/venv/lib/python3.13/site-packages/debug_toolbar/middleware.py", line 145, in __call__
    return self._postprocess(request, response, toolbar)
           ~~~~~~~~~~~~~~~~~^^^^^^^^^^^^^^^^^^^^^^^^^^^^
  File "/Users/mac/Desktop/driving_school_saas/venv/lib/python3.13/site-packages/debug_toolbar/middleware.py", line 182, in _postprocess
    panel.generate_stats(request, response)
    ~~~~~~~~~~~~~~~~~~~~^^^^^^^^^^^^^^^^^^^
  File "/Users/mac/Desktop/driving_school_saas/venv/lib/python3.13/site-packages/debug_toolbar/panels/cache.py", line 212, in generate_stats
    self.record_stats(
    ~~~~~~~~~~~~~~~~~^
        {
        ^
    ...<7 lines>...
        }
        ^
    )
    ^
  File "/Users/mac/Desktop/driving_school_saas/venv/lib/python3.13/site-packages/debug_toolbar/panels/__init__.py", line 194, in record_stats
    self.toolbar.store.save_panel(
    ~~~~~~~~~~~~~~~~~~~~~~~~~~~~~^
        self.toolbar.request_id, self.panel_id, self.toolbar.stats[self.panel_id]
        ^^^^^^^^^^^^^^^^^^^^^^^^^^^^^^^^^^^^^^^^^^^^^^^^^^^^^^^^^^^^^^^^^^^^^^^^^
    )
    ^
  File "/Users/mac/Desktop/driving_school_saas/venv/lib/python3.13/site-packages/debug_toolbar/store.py", line 118, in save_panel
    cls._request_store[request_id][panel_id] = serialize(data)
                                               ~~~~~~~~~^^^^^^
  File "/Users/mac/Desktop/driving_school_saas/venv/lib/python3.13/site-packages/debug_toolbar/store.py", line 28, in serialize
    return json.dumps(data, cls=DebugToolbarJSONEncoder)
           ~~~~~~~~~~^^^^^^^^^^^^^^^^^^^^^^^^^^^^^^^^^^^
  File "/usr/local/Cellar/python@3.13/3.13.7/Frameworks/Python.framework/Versions/3.13/lib/python3.13/json/__init__.py", line 238, in dumps
    **kw).encode(obj)
          ~~~~~~^^^^^
  File "/usr/local/Cellar/python@3.13/3.13.7/Frameworks/Python.framework/Versions/3.13/lib/python3.13/json/encoder.py", line 200, in encode
    chunks = self.iterencode(o, _one_shot=True)
  File "/usr/local/Cellar/python@3.13/3.13.7/Frameworks/Python.framework/Versions/3.13/lib/python3.13/json/encoder.py", line 261, in iterencode
    return _iterencode(o, 0)
  File "/Users/mac/Desktop/driving_school_saas/venv/lib/python3.13/site-packages/debug_toolbar/store.py", line 21, in default
    return force_str(o)
  File "/Users/mac/Desktop/driving_school_saas/venv/lib/python3.13/site-packages/debug_toolbar/sanitize.py", line 10, in force_str
    return force_string(s, *args, **kwargs)
  File "/Users/mac/Desktop/driving_school_saas/venv/lib/python3.13/site-packages/django/utils/encoding.py", line 69, in force_str
    s = str(s)
  File "/Users/mac/Desktop/driving_school_saas/venv/lib/python3.13/site-packages/django/db/models/query.py", line 365, in __repr__
    return "<%s %r>" % (self.__class__.__name__, data)
                                                 ^^^^
  File "/Users/mac/Desktop/driving_school_saas/venv/lib/python3.13/site-packages/django/db/models/base.py", line 590, in __repr__
    return "<%s: %s>" % (self.__class__.__name__, self)
                                                  ^^^^
TypeError: __str__ returned non-string (type NoneType)
ERROR 2026-01-22 16:52:53,118 log 2531 123145488306176 Internal Server Error: /api/drivingschool/1/
Traceback (most recent call last):
  File "/Users/mac/Desktop/driving_school_saas/venv/lib/python3.13/site-packages/debug_toolbar/store.py", line 19, in default
    return super().default(o)
           ~~~~~~~~~~~~~~~^^^
  File "/Users/mac/Desktop/driving_school_saas/venv/lib/python3.13/site-packages/django/core/serializers/json.py", line 114, in default
    return super().default(o)
           ~~~~~~~~~~~~~~~^^^
  File "/usr/local/Cellar/python@3.13/3.13.7/Frameworks/Python.framework/Versions/3.13/lib/python3.13/json/encoder.py", line 180, in default
    raise TypeError(f'Object of type {o.__class__.__name__} '
                    f'is not JSON serializable')
TypeError: Object of type QuerySet is not JSON serializable

During handling of the above exception, another exception occurred:

Traceback (most recent call last):
  File "/Users/mac/Desktop/driving_school_saas/venv/lib/python3.13/site-packages/django/core/handlers/exception.py", line 55, in inner
    response = get_response(request)
  File "/Users/mac/Desktop/driving_school_saas/venv/lib/python3.13/site-packages/debug_toolbar/middleware.py", line 145, in __call__
    return self._postprocess(request, response, toolbar)
           ~~~~~~~~~~~~~~~~~^^^^^^^^^^^^^^^^^^^^^^^^^^^^
  File "/Users/mac/Desktop/driving_school_saas/venv/lib/python3.13/site-packages/debug_toolbar/middleware.py", line 182, in _postprocess
    panel.generate_stats(request, response)
    ~~~~~~~~~~~~~~~~~~~~^^^^^^^^^^^^^^^^^^^
  File "/Users/mac/Desktop/driving_school_saas/venv/lib/python3.13/site-packages/debug_toolbar/panels/cache.py", line 212, in generate_stats
    self.record_stats(
    ~~~~~~~~~~~~~~~~~^
        {
        ^
    ...<7 lines>...
        }
        ^
    )
    ^
  File "/Users/mac/Desktop/driving_school_saas/venv/lib/python3.13/site-packages/debug_toolbar/panels/__init__.py", line 194, in record_stats
    self.toolbar.store.save_panel(
    ~~~~~~~~~~~~~~~~~~~~~~~~~~~~~^
        self.toolbar.request_id, self.panel_id, self.toolbar.stats[self.panel_id]
        ^^^^^^^^^^^^^^^^^^^^^^^^^^^^^^^^^^^^^^^^^^^^^^^^^^^^^^^^^^^^^^^^^^^^^^^^^
    )
    ^
  File "/Users/mac/Desktop/driving_school_saas/venv/lib/python3.13/site-packages/debug_toolbar/store.py", line 118, in save_panel
    cls._request_store[request_id][panel_id] = serialize(data)
                                               ~~~~~~~~~^^^^^^
  File "/Users/mac/Desktop/driving_school_saas/venv/lib/python3.13/site-packages/debug_toolbar/store.py", line 28, in serialize
    return json.dumps(data, cls=DebugToolbarJSONEncoder)
           ~~~~~~~~~~^^^^^^^^^^^^^^^^^^^^^^^^^^^^^^^^^^^
  File "/usr/local/Cellar/python@3.13/3.13.7/Frameworks/Python.framework/Versions/3.13/lib/python3.13/json/__init__.py", line 238, in dumps
    **kw).encode(obj)
          ~~~~~~^^^^^
  File "/usr/local/Cellar/python@3.13/3.13.7/Frameworks/Python.framework/Versions/3.13/lib/python3.13/json/encoder.py", line 200, in encode
    chunks = self.iterencode(o, _one_shot=True)
  File "/usr/local/Cellar/python@3.13/3.13.7/Frameworks/Python.framework/Versions/3.13/lib/python3.13/json/encoder.py", line 261, in iterencode
    return _iterencode(o, 0)
  File "/Users/mac/Desktop/driving_school_saas/venv/lib/python3.13/site-packages/debug_toolbar/store.py", line 21, in default
    return force_str(o)
  File "/Users/mac/Desktop/driving_school_saas/venv/lib/python3.13/site-packages/debug_toolbar/sanitize.py", line 10, in force_str
    return force_string(s, *args, **kwargs)
  File "/Users/mac/Desktop/driving_school_saas/venv/lib/python3.13/site-packages/django/utils/encoding.py", line 69, in force_str
    s = str(s)
  File "/Users/mac/Desktop/driving_school_saas/venv/lib/python3.13/site-packages/django/db/models/query.py", line 365, in __repr__
    return "<%s %r>" % (self.__class__.__name__, data)
                                                 ^^^^
  File "/Users/mac/Desktop/driving_school_saas/venv/lib/python3.13/site-packages/django/db/models/base.py", line 590, in __repr__
    return "<%s: %s>" % (self.__class__.__name__, self)
                                                  ^^^^
TypeError: __str__ returned non-string (type NoneType)
ERROR 2026-01-22 16:53:21,761 log 2531 123145437937664 Internal Server Error: /api/drivingschool/
Traceback (most recent call last):
  File "/Users/mac/Desktop/driving_school_saas/venv/lib/python3.13/site-packages/debug_toolbar/store.py", line 19, in default
    return super().default(o)
           ~~~~~~~~~~~~~~~^^^
  File "/Users/mac/Desktop/driving_school_saas/venv/lib/python3.13/site-packages/django/core/serializers/json.py", line 114, in default
    return super().default(o)
           ~~~~~~~~~~~~~~~^^^
  File "/usr/local/Cellar/python@3.13/3.13.7/Frameworks/Python.framework/Versions/3.13/lib/python3.13/json/encoder.py", line 180, in default
    raise TypeError(f'Object of type {o.__class__.__name__} '
                    f'is not JSON serializable')
TypeError: Object of type QuerySet is not JSON serializable

During handling of the above exception, another exception occurred:

Traceback (most recent call last):
  File "/Users/mac/Desktop/driving_school_saas/venv/lib/python3.13/site-packages/django/core/handlers/exception.py", line 55, in inner
    response = get_response(request)
  File "/Users/mac/Desktop/driving_school_saas/venv/lib/python3.13/site-packages/debug_toolbar/middleware.py", line 145, in __call__
    return self._postprocess(request, response, toolbar)
           ~~~~~~~~~~~~~~~~~^^^^^^^^^^^^^^^^^^^^^^^^^^^^
  File "/Users/mac/Desktop/driving_school_saas/venv/lib/python3.13/site-packages/debug_toolbar/middleware.py", line 182, in _postprocess
    panel.generate_stats(request, response)
    ~~~~~~~~~~~~~~~~~~~~^^^^^^^^^^^^^^^^^^^
  File "/Users/mac/Desktop/driving_school_saas/venv/lib/python3.13/site-packages/debug_toolbar/panels/cache.py", line 212, in generate_stats
    self.record_stats(
    ~~~~~~~~~~~~~~~~~^
        {
        ^
    ...<7 lines>...
        }
        ^
    )
    ^
  File "/Users/mac/Desktop/driving_school_saas/venv/lib/python3.13/site-packages/debug_toolbar/panels/__init__.py", line 194, in record_stats
    self.toolbar.store.save_panel(
    ~~~~~~~~~~~~~~~~~~~~~~~~~~~~~^
        self.toolbar.request_id, self.panel_id, self.toolbar.stats[self.panel_id]
        ^^^^^^^^^^^^^^^^^^^^^^^^^^^^^^^^^^^^^^^^^^^^^^^^^^^^^^^^^^^^^^^^^^^^^^^^^
    )
    ^
  File "/Users/mac/Desktop/driving_school_saas/venv/lib/python3.13/site-packages/debug_toolbar/store.py", line 118, in save_panel
    cls._request_store[request_id][panel_id] = serialize(data)
                                               ~~~~~~~~~^^^^^^
  File "/Users/mac/Desktop/driving_school_saas/venv/lib/python3.13/site-packages/debug_toolbar/store.py", line 28, in serialize
    return json.dumps(data, cls=DebugToolbarJSONEncoder)
           ~~~~~~~~~~^^^^^^^^^^^^^^^^^^^^^^^^^^^^^^^^^^^
  File "/usr/local/Cellar/python@3.13/3.13.7/Frameworks/Python.framework/Versions/3.13/lib/python3.13/json/__init__.py", line 238, in dumps
    **kw).encode(obj)
          ~~~~~~^^^^^
  File "/usr/local/Cellar/python@3.13/3.13.7/Frameworks/Python.framework/Versions/3.13/lib/python3.13/json/encoder.py", line 200, in encode
    chunks = self.iterencode(o, _one_shot=True)
  File "/usr/local/Cellar/python@3.13/3.13.7/Frameworks/Python.framework/Versions/3.13/lib/python3.13/json/encoder.py", line 261, in iterencode
    return _iterencode(o, 0)
  File "/Users/mac/Desktop/driving_school_saas/venv/lib/python3.13/site-packages/debug_toolbar/store.py", line 21, in default
    return force_str(o)
  File "/Users/mac/Desktop/driving_school_saas/venv/lib/python3.13/site-packages/debug_toolbar/sanitize.py", line 10, in force_str
    return force_string(s, *args, **kwargs)
  File "/Users/mac/Desktop/driving_school_saas/venv/lib/python3.13/site-packages/django/utils/encoding.py", line 69, in force_str
    s = str(s)
  File "/Users/mac/Desktop/driving_school_saas/venv/lib/python3.13/site-packages/django/db/models/query.py", line 365, in __repr__
    return "<%s %r>" % (self.__class__.__name__, data)
                                                 ^^^^
  File "/Users/mac/Desktop/driving_school_saas/venv/lib/python3.13/site-packages/django/db/models/base.py", line 590, in __repr__
    return "<%s: %s>" % (self.__class__.__name__, self)
                                                  ^^^^
TypeError: __str__ returned non-string (type NoneType)
ERROR 2026-01-22 16:56:05,570 log 2531 123145437937664 Internal Server Error: /api/drivingschool/
Traceback (most recent call last):
  File "/Users/mac/Desktop/driving_school_saas/venv/lib/python3.13/site-packages/debug_toolbar/store.py", line 19, in default
    return super().default(o)
           ~~~~~~~~~~~~~~~^^^
  File "/Users/mac/Desktop/driving_school_saas/venv/lib/python3.13/site-packages/django/core/serializers/json.py", line 114, in default
    return super().default(o)
           ~~~~~~~~~~~~~~~^^^
  File "/usr/local/Cellar/python@3.13/3.13.7/Frameworks/Python.framework/Versions/3.13/lib/python3.13/json/encoder.py", line 180, in default
    raise TypeError(f'Object of type {o.__class__.__name__} '
                    f'is not JSON serializable')
TypeError: Object of type QuerySet is not JSON serializable

During handling of the above exception, another exception occurred:

Traceback (most recent call last):
  File "/Users/mac/Desktop/driving_school_saas/venv/lib/python3.13/site-packages/django/core/handlers/exception.py", line 55, in inner
    response = get_response(request)
  File "/Users/mac/Desktop/driving_school_saas/venv/lib/python3.13/site-packages/debug_toolbar/middleware.py", line 145, in __call__
    return self._postprocess(request, response, toolbar)
           ~~~~~~~~~~~~~~~~~^^^^^^^^^^^^^^^^^^^^^^^^^^^^
  File "/Users/mac/Desktop/driving_school_saas/venv/lib/python3.13/site-packages/debug_toolbar/middleware.py", line 182, in _postprocess
    panel.generate_stats(request, response)
    ~~~~~~~~~~~~~~~~~~~~^^^^^^^^^^^^^^^^^^^
  File "/Users/mac/Desktop/driving_school_saas/venv/lib/python3.13/site-packages/debug_toolbar/panels/cache.py", line 212, in generate_stats
    self.record_stats(
    ~~~~~~~~~~~~~~~~~^
        {
        ^
    ...<7 lines>...
        }
        ^
    )
    ^
  File "/Users/mac/Desktop/driving_school_saas/venv/lib/python3.13/site-packages/debug_toolbar/panels/__init__.py", line 194, in record_stats
    self.toolbar.store.save_panel(
    ~~~~~~~~~~~~~~~~~~~~~~~~~~~~~^
        self.toolbar.request_id, self.panel_id, self.toolbar.stats[self.panel_id]
        ^^^^^^^^^^^^^^^^^^^^^^^^^^^^^^^^^^^^^^^^^^^^^^^^^^^^^^^^^^^^^^^^^^^^^^^^^
    )
    ^
  File "/Users/mac/Desktop/driving_school_saas/venv/lib/python3.13/site-packages/debug_toolbar/store.py", line 118, in save_panel
    cls._request_store[request_id][panel_id] = serialize(data)
                                               ~~~~~~~~~^^^^^^
  File "/Users/mac/Desktop/driving_school_saas/venv/lib/python3.13/site-packages/debug_toolbar/store.py", line 28, in serialize
    return json.dumps(data, cls=DebugToolbarJSONEncoder)
           ~~~~~~~~~~^^^^^^^^^^^^^^^^^^^^^^^^^^^^^^^^^^^
  File "/usr/local/Cellar/python@3.13/3.13.7/Frameworks/Python.framework/Versions/3.13/lib/python3.13/json/__init__.py", line 238, in dumps
    **kw).encode(obj)
          ~~~~~~^^^^^
  File "/usr/local/Cellar/python@3.13/3.13.7/Frameworks/Python.framework/Versions/3.13/lib/python3.13/json/encoder.py", line 200, in encode
    chunks = self.iterencode(o, _one_shot=True)
  File "/usr/local/Cellar/python@3.13/3.13.7/Frameworks/Python.framework/Versions/3.13/lib/python3.13/json/encoder.py", line 261, in iterencode
    return _iterencode(o, 0)
  File "/Users/mac/Desktop/driving_school_saas/venv/lib/python3.13/site-packages/debug_toolbar/store.py", line 21, in default
    return force_str(o)
  File "/Users/mac/Desktop/driving_school_saas/venv/lib/python3.13/site-packages/debug_toolbar/sanitize.py", line 10, in force_str
    return force_string(s, *args, **kwargs)
  File "/Users/mac/Desktop/driving_school_saas/venv/lib/python3.13/site-packages/django/utils/encoding.py", line 69, in force_str
    s = str(s)
  File "/Users/mac/Desktop/driving_school_saas/venv/lib/python3.13/site-packages/django/db/models/query.py", line 365, in __repr__
    return "<%s %r>" % (self.__class__.__name__, data)
                                                 ^^^^
  File "/Users/mac/Desktop/driving_school_saas/venv/lib/python3.13/site-packages/django/db/models/base.py", line 590, in __repr__
    return "<%s: %s>" % (self.__class__.__name__, self)
                                                  ^^^^
TypeError: __str__ returned non-string (type NoneType)
ERROR 2026-01-22 16:57:10,101 log 2531 123145437937664 Internal Server Error: /api/drivingschool/
Traceback (most recent call last):
  File "/Users/mac/Desktop/driving_school_saas/venv/lib/python3.13/site-packages/debug_toolbar/store.py", line 19, in default
    return super().default(o)
           ~~~~~~~~~~~~~~~^^^
  File "/Users/mac/Desktop/driving_school_saas/venv/lib/python3.13/site-packages/django/core/serializers/json.py", line 114, in default
    return super().default(o)
           ~~~~~~~~~~~~~~~^^^
  File "/usr/local/Cellar/python@3.13/3.13.7/Frameworks/Python.framework/Versions/3.13/lib/python3.13/json/encoder.py", line 180, in default
    raise TypeError(f'Object of type {o.__class__.__name__} '
                    f'is not JSON serializable')
TypeError: Object of type QuerySet is not JSON serializable

During handling of the above exception, another exception occurred:

Traceback (most recent call last):
  File "/Users/mac/Desktop/driving_school_saas/venv/lib/python3.13/site-packages/django/core/handlers/exception.py", line 55, in inner
    response = get_response(request)
  File "/Users/mac/Desktop/driving_school_saas/venv/lib/python3.13/site-packages/debug_toolbar/middleware.py", line 145, in __call__
    return self._postprocess(request, response, toolbar)
           ~~~~~~~~~~~~~~~~~^^^^^^^^^^^^^^^^^^^^^^^^^^^^
  File "/Users/mac/Desktop/driving_school_saas/venv/lib/python3.13/site-packages/debug_toolbar/middleware.py", line 182, in _postprocess
    panel.generate_stats(request, response)
    ~~~~~~~~~~~~~~~~~~~~^^^^^^^^^^^^^^^^^^^
  File "/Users/mac/Desktop/driving_school_saas/venv/lib/python3.13/site-packages/debug_toolbar/panels/cache.py", line 212, in generate_stats
    self.record_stats(
    ~~~~~~~~~~~~~~~~~^
        {
        ^
    ...<7 lines>...
        }
        ^
    )
    ^
  File "/Users/mac/Desktop/driving_school_saas/venv/lib/python3.13/site-packages/debug_toolbar/panels/__init__.py", line 194, in record_stats
    self.toolbar.store.save_panel(
    ~~~~~~~~~~~~~~~~~~~~~~~~~~~~~^
        self.toolbar.request_id, self.panel_id, self.toolbar.stats[self.panel_id]
        ^^^^^^^^^^^^^^^^^^^^^^^^^^^^^^^^^^^^^^^^^^^^^^^^^^^^^^^^^^^^^^^^^^^^^^^^^
    )
    ^
  File "/Users/mac/Desktop/driving_school_saas/venv/lib/python3.13/site-packages/debug_toolbar/store.py", line 118, in save_panel
    cls._request_store[request_id][panel_id] = serialize(data)
                                               ~~~~~~~~~^^^^^^
  File "/Users/mac/Desktop/driving_school_saas/venv/lib/python3.13/site-packages/debug_toolbar/store.py", line 28, in serialize
    return json.dumps(data, cls=DebugToolbarJSONEncoder)
           ~~~~~~~~~~^^^^^^^^^^^^^^^^^^^^^^^^^^^^^^^^^^^
  File "/usr/local/Cellar/python@3.13/3.13.7/Frameworks/Python.framework/Versions/3.13/lib/python3.13/json/__init__.py", line 238, in dumps
    **kw).encode(obj)
          ~~~~~~^^^^^
  File "/usr/local/Cellar/python@3.13/3.13.7/Frameworks/Python.framework/Versions/3.13/lib/python3.13/json/encoder.py", line 200, in encode
    chunks = self.iterencode(o, _one_shot=True)
  File "/usr/local/Cellar/python@3.13/3.13.7/Frameworks/Python.framework/Versions/3.13/lib/python3.13/json/encoder.py", line 261, in iterencode
    return _iterencode(o, 0)
  File "/Users/mac/Desktop/driving_school_saas/venv/lib/python3.13/site-packages/debug_toolbar/store.py", line 21, in default
    return force_str(o)
  File "/Users/mac/Desktop/driving_school_saas/venv/lib/python3.13/site-packages/debug_toolbar/sanitize.py", line 10, in force_str
    return force_string(s, *args, **kwargs)
  File "/Users/mac/Desktop/driving_school_saas/venv/lib/python3.13/site-packages/django/utils/encoding.py", line 69, in force_str
    s = str(s)
  File "/Users/mac/Desktop/driving_school_saas/venv/lib/python3.13/site-packages/django/db/models/query.py", line 365, in __repr__
    return "<%s %r>" % (self.__class__.__name__, data)
                                                 ^^^^
  File "/Users/mac/Desktop/driving_school_saas/venv/lib/python3.13/site-packages/django/db/models/base.py", line 590, in __repr__
    return "<%s: %s>" % (self.__class__.__name__, self)
                                                  ^^^^
TypeError: __str__ returned non-string (type NoneType)
ERROR 2026-01-22 16:57:52,006 log 3019 123145373392896 Internal Server Error: /api/drivingschool/
Traceback (most recent call last):
  File "/Users/mac/Desktop/driving_school_saas/venv/lib/python3.13/site-packages/debug_toolbar/store.py", line 19, in default
    return super().default(o)
           ~~~~~~~~~~~~~~~^^^
  File "/Users/mac/Desktop/driving_school_saas/venv/lib/python3.13/site-packages/django/core/serializers/json.py", line 114, in default
    return super().default(o)
           ~~~~~~~~~~~~~~~^^^
  File "/usr/local/Cellar/python@3.13/3.13.7/Frameworks/Python.framework/Versions/3.13/lib/python3.13/json/encoder.py", line 180, in default
    raise TypeError(f'Object of type {o.__class__.__name__} '
                    f'is not JSON serializable')
TypeError: Object of type QuerySet is not JSON serializable

During handling of the above exception, another exception occurred:

Traceback (most recent call last):
  File "/Users/mac/Desktop/driving_school_saas/venv/lib/python3.13/site-packages/django/core/handlers/exception.py", line 55, in inner
    response = get_response(request)
  File "/Users/mac/Desktop/driving_school_saas/venv/lib/python3.13/site-packages/debug_toolbar/middleware.py", line 145, in __call__
    return self._postprocess(request, response, toolbar)
           ~~~~~~~~~~~~~~~~~^^^^^^^^^^^^^^^^^^^^^^^^^^^^
  File "/Users/mac/Desktop/driving_school_saas/venv/lib/python3.13/site-packages/debug_toolbar/middleware.py", line 182, in _postprocess
    panel.generate_stats(request, response)
    ~~~~~~~~~~~~~~~~~~~~^^^^^^^^^^^^^^^^^^^
  File "/Users/mac/Desktop/driving_school_saas/venv/lib/python3.13/site-packages/debug_toolbar/panels/cache.py", line 212, in generate_stats
    self.record_stats(
    ~~~~~~~~~~~~~~~~~^
        {
        ^
    ...<7 lines>...
        }
        ^
    )
    ^
  File "/Users/mac/Desktop/driving_school_saas/venv/lib/python3.13/site-packages/debug_toolbar/panels/__init__.py", line 194, in record_stats
    self.toolbar.store.save_panel(
    ~~~~~~~~~~~~~~~~~~~~~~~~~~~~~^
        self.toolbar.request_id, self.panel_id, self.toolbar.stats[self.panel_id]
        ^^^^^^^^^^^^^^^^^^^^^^^^^^^^^^^^^^^^^^^^^^^^^^^^^^^^^^^^^^^^^^^^^^^^^^^^^
    )
    ^
  File "/Users/mac/Desktop/driving_school_saas/venv/lib/python3.13/site-packages/debug_toolbar/store.py", line 118, in save_panel
    cls._request_store[request_id][panel_id] = serialize(data)
                                               ~~~~~~~~~^^^^^^
  File "/Users/mac/Desktop/driving_school_saas/venv/lib/python3.13/site-packages/debug_toolbar/store.py", line 28, in serialize
    return json.dumps(data, cls=DebugToolbarJSONEncoder)
           ~~~~~~~~~~^^^^^^^^^^^^^^^^^^^^^^^^^^^^^^^^^^^
  File "/usr/local/Cellar/python@3.13/3.13.7/Frameworks/Python.framework/Versions/3.13/lib/python3.13/json/__init__.py", line 238, in dumps
    **kw).encode(obj)
          ~~~~~~^^^^^
  File "/usr/local/Cellar/python@3.13/3.13.7/Frameworks/Python.framework/Versions/3.13/lib/python3.13/json/encoder.py", line 200, in encode
    chunks = self.iterencode(o, _one_shot=True)
  File "/usr/local/Cellar/python@3.13/3.13.7/Frameworks/Python.framework/Versions/3.13/lib/python3.13/json/encoder.py", line 261, in iterencode
    return _iterencode(o, 0)
  File "/Users/mac/Desktop/driving_school_saas/venv/lib/python3.13/site-packages/debug_toolbar/store.py", line 21, in default
    return force_str(o)
  File "/Users/mac/Desktop/driving_school_saas/venv/lib/python3.13/site-packages/debug_toolbar/sanitize.py", line 10, in force_str
    return force_string(s, *args, **kwargs)
  File "/Users/mac/Desktop/driving_school_saas/venv/lib/python3.13/site-packages/django/utils/encoding.py", line 69, in force_str
    s = str(s)
  File "/Users/mac/Desktop/driving_school_saas/venv/lib/python3.13/site-packages/django/db/models/query.py", line 365, in __repr__
    return "<%s %r>" % (self.__class__.__name__, data)
                                                 ^^^^
  File "/Users/mac/Desktop/driving_school_saas/venv/lib/python3.13/site-packages/django/db/models/base.py", line 590, in __repr__
    return "<%s: %s>" % (self.__class__.__name__, self)
                                                  ^^^^
TypeError: __str__ returned non-string (type NoneType)
ERROR 2026-01-22 16:58:39,771 log 3019 123145390182400 Internal Server Error: /api/drivingschool/1/
Traceback (most recent call last):
  File "/Users/mac/Desktop/driving_school_saas/venv/lib/python3.13/site-packages/debug_toolbar/store.py", line 19, in default
    return super().default(o)
           ~~~~~~~~~~~~~~~^^^
  File "/Users/mac/Desktop/driving_school_saas/venv/lib/python3.13/site-packages/django/core/serializers/json.py", line 114, in default
    return super().default(o)
           ~~~~~~~~~~~~~~~^^^
  File "/usr/local/Cellar/python@3.13/3.13.7/Frameworks/Python.framework/Versions/3.13/lib/python3.13/json/encoder.py", line 180, in default
    raise TypeError(f'Object of type {o.__class__.__name__} '
                    f'is not JSON serializable')
TypeError: Object of type QuerySet is not JSON serializable

During handling of the above exception, another exception occurred:

Traceback (most recent call last):
  File "/Users/mac/Desktop/driving_school_saas/venv/lib/python3.13/site-packages/django/core/handlers/exception.py", line 55, in inner
    response = get_response(request)
  File "/Users/mac/Desktop/driving_school_saas/venv/lib/python3.13/site-packages/debug_toolbar/middleware.py", line 145, in __call__
    return self._postprocess(request, response, toolbar)
           ~~~~~~~~~~~~~~~~~^^^^^^^^^^^^^^^^^^^^^^^^^^^^
  File "/Users/mac/Desktop/driving_school_saas/venv/lib/python3.13/site-packages/debug_toolbar/middleware.py", line 182, in _postprocess
    panel.generate_stats(request, response)
    ~~~~~~~~~~~~~~~~~~~~^^^^^^^^^^^^^^^^^^^
  File "/Users/mac/Desktop/driving_school_saas/venv/lib/python3.13/site-packages/debug_toolbar/panels/cache.py", line 212, in generate_stats
    self.record_stats(
    ~~~~~~~~~~~~~~~~~^
        {
        ^
    ...<7 lines>...
        }
        ^
    )
    ^
  File "/Users/mac/Desktop/driving_school_saas/venv/lib/python3.13/site-packages/debug_toolbar/panels/__init__.py", line 194, in record_stats
    self.toolbar.store.save_panel(
    ~~~~~~~~~~~~~~~~~~~~~~~~~~~~~^
        self.toolbar.request_id, self.panel_id, self.toolbar.stats[self.panel_id]
        ^^^^^^^^^^^^^^^^^^^^^^^^^^^^^^^^^^^^^^^^^^^^^^^^^^^^^^^^^^^^^^^^^^^^^^^^^
    )
    ^
  File "/Users/mac/Desktop/driving_school_saas/venv/lib/python3.13/site-packages/debug_toolbar/store.py", line 118, in save_panel
    cls._request_store[request_id][panel_id] = serialize(data)
                                               ~~~~~~~~~^^^^^^
  File "/Users/mac/Desktop/driving_school_saas/venv/lib/python3.13/site-packages/debug_toolbar/store.py", line 28, in serialize
    return json.dumps(data, cls=DebugToolbarJSONEncoder)
           ~~~~~~~~~~^^^^^^^^^^^^^^^^^^^^^^^^^^^^^^^^^^^
  File "/usr/local/Cellar/python@3.13/3.13.7/Frameworks/Python.framework/Versions/3.13/lib/python3.13/json/__init__.py", line 238, in dumps
    **kw).encode(obj)
          ~~~~~~^^^^^
  File "/usr/local/Cellar/python@3.13/3.13.7/Frameworks/Python.framework/Versions/3.13/lib/python3.13/json/encoder.py", line 200, in encode
    chunks = self.iterencode(o, _one_shot=True)
  File "/usr/local/Cellar/python@3.13/3.13.7/Frameworks/Python.framework/Versions/3.13/lib/python3.13/json/encoder.py", line 261, in iterencode
    return _iterencode(o, 0)
  File "/Users/mac/Desktop/driving_school_saas/venv/lib/python3.13/site-packages/debug_toolbar/store.py", line 21, in default
    return force_str(o)
  File "/Users/mac/Desktop/driving_school_saas/venv/lib/python3.13/site-packages/debug_toolbar/sanitize.py", line 10, in force_str
    return force_string(s, *args, **kwargs)
  File "/Users/mac/Desktop/driving_school_saas/venv/lib/python3.13/site-packages/django/utils/encoding.py", line 69, in force_str
    s = str(s)
  File "/Users/mac/Desktop/driving_school_saas/venv/lib/python3.13/site-packages/django/db/models/query.py", line 365, in __repr__
    return "<%s %r>" % (self.__class__.__name__, data)
                                                 ^^^^
  File "/Users/mac/Desktop/driving_school_saas/venv/lib/python3.13/site-packages/django/db/models/base.py", line 590, in __repr__
    return "<%s: %s>" % (self.__class__.__name__, self)
                                                  ^^^^
TypeError: __str__ returned non-string (type NoneType)
ERROR 2026-01-22 16:59:21,388 log 3019 123145373392896 Internal Server Error: /api/drivingschool/students/
Traceback (most recent call last):
  File "/Users/mac/Desktop/driving_school_saas/venv/lib/python3.13/site-packages/debug_toolbar/store.py", line 19, in default
    return super().default(o)
           ~~~~~~~~~~~~~~~^^^
  File "/Users/mac/Desktop/driving_school_saas/venv/lib/python3.13/site-packages/django/core/serializers/json.py", line 114, in default
    return super().default(o)
           ~~~~~~~~~~~~~~~^^^
  File "/usr/local/Cellar/python@3.13/3.13.7/Frameworks/Python.framework/Versions/3.13/lib/python3.13/json/encoder.py", line 180, in default
    raise TypeError(f'Object of type {o.__class__.__name__} '
                    f'is not JSON serializable')
TypeError: Object of type QuerySet is not JSON serializable

During handling of the above exception, another exception occurred:

Traceback (most recent call last):
  File "/Users/mac/Desktop/driving_school_saas/venv/lib/python3.13/site-packages/django/core/handlers/exception.py", line 55, in inner
    response = get_response(request)
  File "/Users/mac/Desktop/driving_school_saas/venv/lib/python3.13/site-packages/debug_toolbar/middleware.py", line 145, in __call__
    return self._postprocess(request, response, toolbar)
           ~~~~~~~~~~~~~~~~~^^^^^^^^^^^^^^^^^^^^^^^^^^^^
  File "/Users/mac/Desktop/driving_school_saas/venv/lib/python3.13/site-packages/debug_toolbar/middleware.py", line 182, in _postprocess
    panel.generate_stats(request, response)
    ~~~~~~~~~~~~~~~~~~~~^^^^^^^^^^^^^^^^^^^
  File "/Users/mac/Desktop/driving_school_saas/venv/lib/python3.13/site-packages/debug_toolbar/panels/cache.py", line 212, in generate_stats
    self.record_stats(
    ~~~~~~~~~~~~~~~~~^
        {
        ^
    ...<7 lines>...
        }
        ^
    )
    ^
  File "/Users/mac/Desktop/driving_school_saas/venv/lib/python3.13/site-packages/debug_toolbar/panels/__init__.py", line 194, in record_stats
    self.toolbar.store.save_panel(
    ~~~~~~~~~~~~~~~~~~~~~~~~~~~~~^
        self.toolbar.request_id, self.panel_id, self.toolbar.stats[self.panel_id]
        ^^^^^^^^^^^^^^^^^^^^^^^^^^^^^^^^^^^^^^^^^^^^^^^^^^^^^^^^^^^^^^^^^^^^^^^^^
    )
    ^
  File "/Users/mac/Desktop/driving_school_saas/venv/lib/python3.13/site-packages/debug_toolbar/store.py", line 118, in save_panel
    cls._request_store[request_id][panel_id] = serialize(data)
                                               ~~~~~~~~~^^^^^^
  File "/Users/mac/Desktop/driving_school_saas/venv/lib/python3.13/site-packages/debug_toolbar/store.py", line 28, in serialize
    return json.dumps(data, cls=DebugToolbarJSONEncoder)
           ~~~~~~~~~~^^^^^^^^^^^^^^^^^^^^^^^^^^^^^^^^^^^
  File "/usr/local/Cellar/python@3.13/3.13.7/Frameworks/Python.framework/Versions/3.13/lib/python3.13/json/__init__.py", line 238, in dumps
    **kw).encode(obj)
          ~~~~~~^^^^^
  File "/usr/local/Cellar/python@3.13/3.13.7/Frameworks/Python.framework/Versions/3.13/lib/python3.13/json/encoder.py", line 200, in encode
    chunks = self.iterencode(o, _one_shot=True)
  File "/usr/local/Cellar/python@3.13/3.13.7/Frameworks/Python.framework/Versions/3.13/lib/python3.13/json/encoder.py", line 261, in iterencode
    return _iterencode(o, 0)
  File "/Users/mac/Desktop/driving_school_saas/venv/lib/python3.13/site-packages/debug_toolbar/store.py", line 21, in default
    return force_str(o)
  File "/Users/mac/Desktop/driving_school_saas/venv/lib/python3.13/site-packages/debug_toolbar/sanitize.py", line 10, in force_str
    return force_string(s, *args, **kwargs)
  File "/Users/mac/Desktop/driving_school_saas/venv/lib/python3.13/site-packages/django/utils/encoding.py", line 69, in force_str
    s = str(s)
  File "/Users/mac/Desktop/driving_school_saas/venv/lib/python3.13/site-packages/django/db/models/query.py", line 365, in __repr__
    return "<%s %r>" % (self.__class__.__name__, data)
                                                 ^^^^
  File "/Users/mac/Desktop/driving_school_saas/venv/lib/python3.13/site-packages/django/db/models/base.py", line 590, in __repr__
    return "<%s: %s>" % (self.__class__.__name__, self)
                                                  ^^^^
TypeError: __str__ returned non-string (type NoneType)
ERROR 2026-01-22 17:03:37,436 log 3019 123145390182400 Internal Server Error: /api/drivingschool/1/
Traceback (most recent call last):
  File "/Users/mac/Desktop/driving_school_saas/venv/lib/python3.13/site-packages/debug_toolbar/store.py", line 19, in default
    return super().default(o)
           ~~~~~~~~~~~~~~~^^^
  File "/Users/mac/Desktop/driving_school_saas/venv/lib/python3.13/site-packages/django/core/serializers/json.py", line 114, in default
    return super().default(o)
           ~~~~~~~~~~~~~~~^^^
  File "/usr/local/Cellar/python@3.13/3.13.7/Frameworks/Python.framework/Versions/3.13/lib/python3.13/json/encoder.py", line 180, in default
    raise TypeError(f'Object of type {o.__class__.__name__} '
                    f'is not JSON serializable')
TypeError: Object of type QuerySet is not JSON serializable

During handling of the above exception, another exception occurred:

Traceback (most recent call last):
  File "/Users/mac/Desktop/driving_school_saas/venv/lib/python3.13/site-packages/django/core/handlers/exception.py", line 55, in inner
    response = get_response(request)
  File "/Users/mac/Desktop/driving_school_saas/venv/lib/python3.13/site-packages/debug_toolbar/middleware.py", line 145, in __call__
    return self._postprocess(request, response, toolbar)
           ~~~~~~~~~~~~~~~~~^^^^^^^^^^^^^^^^^^^^^^^^^^^^
  File "/Users/mac/Desktop/driving_school_saas/venv/lib/python3.13/site-packages/debug_toolbar/middleware.py", line 182, in _postprocess
    panel.generate_stats(request, response)
    ~~~~~~~~~~~~~~~~~~~~^^^^^^^^^^^^^^^^^^^
  File "/Users/mac/Desktop/driving_school_saas/venv/lib/python3.13/site-packages/debug_toolbar/panels/cache.py", line 212, in generate_stats
    self.record_stats(
    ~~~~~~~~~~~~~~~~~^
        {
        ^
    ...<7 lines>...
        }
        ^
    )
    ^
  File "/Users/mac/Desktop/driving_school_saas/venv/lib/python3.13/site-packages/debug_toolbar/panels/__init__.py", line 194, in record_stats
    self.toolbar.store.save_panel(
    ~~~~~~~~~~~~~~~~~~~~~~~~~~~~~^
        self.toolbar.request_id, self.panel_id, self.toolbar.stats[self.panel_id]
        ^^^^^^^^^^^^^^^^^^^^^^^^^^^^^^^^^^^^^^^^^^^^^^^^^^^^^^^^^^^^^^^^^^^^^^^^^
    )
    ^
  File "/Users/mac/Desktop/driving_school_saas/venv/lib/python3.13/site-packages/debug_toolbar/store.py", line 118, in save_panel
    cls._request_store[request_id][panel_id] = serialize(data)
                                               ~~~~~~~~~^^^^^^
  File "/Users/mac/Desktop/driving_school_saas/venv/lib/python3.13/site-packages/debug_toolbar/store.py", line 28, in serialize
    return json.dumps(data, cls=DebugToolbarJSONEncoder)
           ~~~~~~~~~~^^^^^^^^^^^^^^^^^^^^^^^^^^^^^^^^^^^
  File "/usr/local/Cellar/python@3.13/3.13.7/Frameworks/Python.framework/Versions/3.13/lib/python3.13/json/__init__.py", line 238, in dumps
    **kw).encode(obj)
          ~~~~~~^^^^^
  File "/usr/local/Cellar/python@3.13/3.13.7/Frameworks/Python.framework/Versions/3.13/lib/python3.13/json/encoder.py", line 200, in encode
    chunks = self.iterencode(o, _one_shot=True)
  File "/usr/local/Cellar/python@3.13/3.13.7/Frameworks/Python.framework/Versions/3.13/lib/python3.13/json/encoder.py", line 261, in iterencode
    return _iterencode(o, 0)
  File "/Users/mac/Desktop/driving_school_saas/venv/lib/python3.13/site-packages/debug_toolbar/store.py", line 21, in default
    return force_str(o)
  File "/Users/mac/Desktop/driving_school_saas/venv/lib/python3.13/site-packages/debug_toolbar/sanitize.py", line 10, in force_str
    return force_string(s, *args, **kwargs)
  File "/Users/mac/Desktop/driving_school_saas/venv/lib/python3.13/site-packages/django/utils/encoding.py", line 69, in force_str
    s = str(s)
  File "/Users/mac/Desktop/driving_school_saas/venv/lib/python3.13/site-packages/django/db/models/query.py", line 365, in __repr__
    return "<%s %r>" % (self.__class__.__name__, data)
                                                 ^^^^
  File "/Users/mac/Desktop/driving_school_saas/venv/lib/python3.13/site-packages/django/db/models/base.py", line 590, in __repr__
    return "<%s: %s>" % (self.__class__.__name__, self)
                                                  ^^^^
TypeError: __str__ returned non-string (type NoneType)
ERROR 2026-01-22 17:05:39,543 log 3202 123145340657664 Internal Server Error: /api/drivingschool/
Traceback (most recent call last):
  File "/Users/mac/Desktop/driving_school_saas/venv/lib/python3.13/site-packages/debug_toolbar/store.py", line 19, in default
    return super().default(o)
           ~~~~~~~~~~~~~~~^^^
  File "/Users/mac/Desktop/driving_school_saas/venv/lib/python3.13/site-packages/django/core/serializers/json.py", line 114, in default
    return super().default(o)
           ~~~~~~~~~~~~~~~^^^
  File "/usr/local/Cellar/python@3.13/3.13.7/Frameworks/Python.framework/Versions/3.13/lib/python3.13/json/encoder.py", line 180, in default
    raise TypeError(f'Object of type {o.__class__.__name__} '
                    f'is not JSON serializable')
TypeError: Object of type QuerySet is not JSON serializable

During handling of the above exception, another exception occurred:

Traceback (most recent call last):
  File "/Users/mac/Desktop/driving_school_saas/venv/lib/python3.13/site-packages/django/core/handlers/exception.py", line 55, in inner
    response = get_response(request)
  File "/Users/mac/Desktop/driving_school_saas/venv/lib/python3.13/site-packages/debug_toolbar/middleware.py", line 145, in __call__
    return self._postprocess(request, response, toolbar)
           ~~~~~~~~~~~~~~~~~^^^^^^^^^^^^^^^^^^^^^^^^^^^^
  File "/Users/mac/Desktop/driving_school_saas/venv/lib/python3.13/site-packages/debug_toolbar/middleware.py", line 182, in _postprocess
    panel.generate_stats(request, response)
    ~~~~~~~~~~~~~~~~~~~~^^^^^^^^^^^^^^^^^^^
  File "/Users/mac/Desktop/driving_school_saas/venv/lib/python3.13/site-packages/debug_toolbar/panels/cache.py", line 212, in generate_stats
    self.record_stats(
    ~~~~~~~~~~~~~~~~~^
        {
        ^
    ...<7 lines>...
        }
        ^
    )
    ^
  File "/Users/mac/Desktop/driving_school_saas/venv/lib/python3.13/site-packages/debug_toolbar/panels/__init__.py", line 194, in record_stats
    self.toolbar.store.save_panel(
    ~~~~~~~~~~~~~~~~~~~~~~~~~~~~~^
        self.toolbar.request_id, self.panel_id, self.toolbar.stats[self.panel_id]
        ^^^^^^^^^^^^^^^^^^^^^^^^^^^^^^^^^^^^^^^^^^^^^^^^^^^^^^^^^^^^^^^^^^^^^^^^^
    )
    ^
  File "/Users/mac/Desktop/driving_school_saas/venv/lib/python3.13/site-packages/debug_toolbar/store.py", line 118, in save_panel
    cls._request_store[request_id][panel_id] = serialize(data)
                                               ~~~~~~~~~^^^^^^
  File "/Users/mac/Desktop/driving_school_saas/venv/lib/python3.13/site-packages/debug_toolbar/store.py", line 28, in serialize
    return json.dumps(data, cls=DebugToolbarJSONEncoder)
           ~~~~~~~~~~^^^^^^^^^^^^^^^^^^^^^^^^^^^^^^^^^^^
  File "/usr/local/Cellar/python@3.13/3.13.7/Frameworks/Python.framework/Versions/3.13/lib/python3.13/json/__init__.py", line 238, in dumps
    **kw).encode(obj)
          ~~~~~~^^^^^
  File "/usr/local/Cellar/python@3.13/3.13.7/Frameworks/Python.framework/Versions/3.13/lib/python3.13/json/encoder.py", line 200, in encode
    chunks = self.iterencode(o, _one_shot=True)
  File "/usr/local/Cellar/python@3.13/3.13.7/Frameworks/Python.framework/Versions/3.13/lib/python3.13/json/encoder.py", line 261, in iterencode
    return _iterencode(o, 0)
  File "/Users/mac/Desktop/driving_school_saas/venv/lib/python3.13/site-packages/debug_toolbar/store.py", line 21, in default
    return force_str(o)
  File "/Users/mac/Desktop/driving_school_saas/venv/lib/python3.13/site-packages/debug_toolbar/sanitize.py", line 10, in force_str
    return force_string(s, *args, **kwargs)
  File "/Users/mac/Desktop/driving_school_saas/venv/lib/python3.13/site-packages/django/utils/encoding.py", line 69, in force_str
    s = str(s)
  File "/Users/mac/Desktop/driving_school_saas/venv/lib/python3.13/site-packages/django/db/models/query.py", line 365, in __repr__
    return "<%s %r>" % (self.__class__.__name__, data)
                                                 ^^^^
  File "/Users/mac/Desktop/driving_school_saas/venv/lib/python3.13/site-packages/django/db/models/base.py", line 590, in __repr__
    return "<%s: %s>" % (self.__class__.__name__, self)
                                                  ^^^^
TypeError: __str__ returned non-string (type NoneType)
ERROR 2026-01-22 17:06:02,635 log 3202 123145357447168 Internal Server Error: /api/drivingschool/
Traceback (most recent call last):
  File "/Users/mac/Desktop/driving_school_saas/venv/lib/python3.13/site-packages/debug_toolbar/store.py", line 19, in default
    return super().default(o)
           ~~~~~~~~~~~~~~~^^^
  File "/Users/mac/Desktop/driving_school_saas/venv/lib/python3.13/site-packages/django/core/serializers/json.py", line 114, in default
    return super().default(o)
           ~~~~~~~~~~~~~~~^^^
  File "/usr/local/Cellar/python@3.13/3.13.7/Frameworks/Python.framework/Versions/3.13/lib/python3.13/json/encoder.py", line 180, in default
    raise TypeError(f'Object of type {o.__class__.__name__} '
                    f'is not JSON serializable')
TypeError: Object of type QuerySet is not JSON serializable

During handling of the above exception, another exception occurred:

Traceback (most recent call last):
  File "/Users/mac/Desktop/driving_school_saas/venv/lib/python3.13/site-packages/django/core/handlers/exception.py", line 55, in inner
    response = get_response(request)
  File "/Users/mac/Desktop/driving_school_saas/venv/lib/python3.13/site-packages/debug_toolbar/middleware.py", line 145, in __call__
    return self._postprocess(request, response, toolbar)
           ~~~~~~~~~~~~~~~~~^^^^^^^^^^^^^^^^^^^^^^^^^^^^
  File "/Users/mac/Desktop/driving_school_saas/venv/lib/python3.13/site-packages/debug_toolbar/middleware.py", line 182, in _postprocess
    panel.generate_stats(request, response)
    ~~~~~~~~~~~~~~~~~~~~^^^^^^^^^^^^^^^^^^^
  File "/Users/mac/Desktop/driving_school_saas/venv/lib/python3.13/site-packages/debug_toolbar/panels/cache.py", line 212, in generate_stats
    self.record_stats(
    ~~~~~~~~~~~~~~~~~^
        {
        ^
    ...<7 lines>...
        }
        ^
    )
    ^
  File "/Users/mac/Desktop/driving_school_saas/venv/lib/python3.13/site-packages/debug_toolbar/panels/__init__.py", line 194, in record_stats
    self.toolbar.store.save_panel(
    ~~~~~~~~~~~~~~~~~~~~~~~~~~~~~^
        self.toolbar.request_id, self.panel_id, self.toolbar.stats[self.panel_id]
        ^^^^^^^^^^^^^^^^^^^^^^^^^^^^^^^^^^^^^^^^^^^^^^^^^^^^^^^^^^^^^^^^^^^^^^^^^
    )
    ^
  File "/Users/mac/Desktop/driving_school_saas/venv/lib/python3.13/site-packages/debug_toolbar/store.py", line 118, in save_panel
    cls._request_store[request_id][panel_id] = serialize(data)
                                               ~~~~~~~~~^^^^^^
  File "/Users/mac/Desktop/driving_school_saas/venv/lib/python3.13/site-packages/debug_toolbar/store.py", line 28, in serialize
    return json.dumps(data, cls=DebugToolbarJSONEncoder)
           ~~~~~~~~~~^^^^^^^^^^^^^^^^^^^^^^^^^^^^^^^^^^^
  File "/usr/local/Cellar/python@3.13/3.13.7/Frameworks/Python.framework/Versions/3.13/lib/python3.13/json/__init__.py", line 238, in dumps
    **kw).encode(obj)
          ~~~~~~^^^^^
  File "/usr/local/Cellar/python@3.13/3.13.7/Frameworks/Python.framework/Versions/3.13/lib/python3.13/json/encoder.py", line 200, in encode
    chunks = self.iterencode(o, _one_shot=True)
  File "/usr/local/Cellar/python@3.13/3.13.7/Frameworks/Python.framework/Versions/3.13/lib/python3.13/json/encoder.py", line 261, in iterencode
    return _iterencode(o, 0)
  File "/Users/mac/Desktop/driving_school_saas/venv/lib/python3.13/site-packages/debug_toolbar/store.py", line 21, in default
    return force_str(o)
  File "/Users/mac/Desktop/driving_school_saas/venv/lib/python3.13/site-packages/debug_toolbar/sanitize.py", line 10, in force_str
    return force_string(s, *args, **kwargs)
  File "/Users/mac/Desktop/driving_school_saas/venv/lib/python3.13/site-packages/django/utils/encoding.py", line 69, in force_str
    s = str(s)
  File "/Users/mac/Desktop/driving_school_saas/venv/lib/python3.13/site-packages/django/db/models/query.py", line 365, in __repr__
    return "<%s %r>" % (self.__class__.__name__, data)
                                                 ^^^^
  File "/Users/mac/Desktop/driving_school_saas/venv/lib/python3.13/site-packages/django/db/models/base.py", line 590, in __repr__
    return "<%s: %s>" % (self.__class__.__name__, self)
                                                  ^^^^
TypeError: __str__ returned non-string (type NoneType)
ERROR 2026-01-22 17:06:40,448 log 3202 123145340657664 Internal Server Error: /api/drivingschool/
Traceback (most recent call last):
  File "/Users/mac/Desktop/driving_school_saas/venv/lib/python3.13/site-packages/debug_toolbar/store.py", line 19, in default
    return super().default(o)
           ~~~~~~~~~~~~~~~^^^
  File "/Users/mac/Desktop/driving_school_saas/venv/lib/python3.13/site-packages/django/core/serializers/json.py", line 114, in default
    return super().default(o)
           ~~~~~~~~~~~~~~~^^^
  File "/usr/local/Cellar/python@3.13/3.13.7/Frameworks/Python.framework/Versions/3.13/lib/python3.13/json/encoder.py", line 180, in default
    raise TypeError(f'Object of type {o.__class__.__name__} '
                    f'is not JSON serializable')
TypeError: Object of type QuerySet is not JSON serializable

During handling of the above exception, another exception occurred:

Traceback (most recent call last):
  File "/Users/mac/Desktop/driving_school_saas/venv/lib/python3.13/site-packages/django/core/handlers/exception.py", line 55, in inner
    response = get_response(request)
  File "/Users/mac/Desktop/driving_school_saas/venv/lib/python3.13/site-packages/debug_toolbar/middleware.py", line 145, in __call__
    return self._postprocess(request, response, toolbar)
           ~~~~~~~~~~~~~~~~~^^^^^^^^^^^^^^^^^^^^^^^^^^^^
  File "/Users/mac/Desktop/driving_school_saas/venv/lib/python3.13/site-packages/debug_toolbar/middleware.py", line 182, in _postprocess
    panel.generate_stats(request, response)
    ~~~~~~~~~~~~~~~~~~~~^^^^^^^^^^^^^^^^^^^
  File "/Users/mac/Desktop/driving_school_saas/venv/lib/python3.13/site-packages/debug_toolbar/panels/cache.py", line 212, in generate_stats
    self.record_stats(
    ~~~~~~~~~~~~~~~~~^
        {
        ^
    ...<7 lines>...
        }
        ^
    )
    ^
  File "/Users/mac/Desktop/driving_school_saas/venv/lib/python3.13/site-packages/debug_toolbar/panels/__init__.py", line 194, in record_stats
    self.toolbar.store.save_panel(
    ~~~~~~~~~~~~~~~~~~~~~~~~~~~~~^
        self.toolbar.request_id, self.panel_id, self.toolbar.stats[self.panel_id]
        ^^^^^^^^^^^^^^^^^^^^^^^^^^^^^^^^^^^^^^^^^^^^^^^^^^^^^^^^^^^^^^^^^^^^^^^^^
    )
    ^
  File "/Users/mac/Desktop/driving_school_saas/venv/lib/python3.13/site-packages/debug_toolbar/store.py", line 118, in save_panel
    cls._request_store[request_id][panel_id] = serialize(data)
                                               ~~~~~~~~~^^^^^^
  File "/Users/mac/Desktop/driving_school_saas/venv/lib/python3.13/site-packages/debug_toolbar/store.py", line 28, in serialize
    return json.dumps(data, cls=DebugToolbarJSONEncoder)
           ~~~~~~~~~~^^^^^^^^^^^^^^^^^^^^^^^^^^^^^^^^^^^
  File "/usr/local/Cellar/python@3.13/3.13.7/Frameworks/Python.framework/Versions/3.13/lib/python3.13/json/__init__.py", line 238, in dumps
    **kw).encode(obj)
          ~~~~~~^^^^^
  File "/usr/local/Cellar/python@3.13/3.13.7/Frameworks/Python.framework/Versions/3.13/lib/python3.13/json/encoder.py", line 200, in encode
    chunks = self.iterencode(o, _one_shot=True)
  File "/usr/local/Cellar/python@3.13/3.13.7/Frameworks/Python.framework/Versions/3.13/lib/python3.13/json/encoder.py", line 261, in iterencode
    return _iterencode(o, 0)
  File "/Users/mac/Desktop/driving_school_saas/venv/lib/python3.13/site-packages/debug_toolbar/store.py", line 21, in default
    return force_str(o)
  File "/Users/mac/Desktop/driving_school_saas/venv/lib/python3.13/site-packages/debug_toolbar/sanitize.py", line 10, in force_str
    return force_string(s, *args, **kwargs)
  File "/Users/mac/Desktop/driving_school_saas/venv/lib/python3.13/site-packages/django/utils/encoding.py", line 69, in force_str
    s = str(s)
  File "/Users/mac/Desktop/driving_school_saas/venv/lib/python3.13/site-packages/django/db/models/query.py", line 365, in __repr__
    return "<%s %r>" % (self.__class__.__name__, data)
                                                 ^^^^
  File "/Users/mac/Desktop/driving_school_saas/venv/lib/python3.13/site-packages/django/db/models/base.py", line 590, in __repr__
    return "<%s: %s>" % (self.__class__.__name__, self)
                                                  ^^^^
TypeError: __str__ returned non-string (type NoneType)
ERROR 2026-01-22 17:07:16,404 log 3250 123145562804224 Internal Server Error: /api/drivingschool/
Traceback (most recent call last):
  File "/Users/mac/Desktop/driving_school_saas/venv/lib/python3.13/site-packages/debug_toolbar/store.py", line 19, in default
    return super().default(o)
           ~~~~~~~~~~~~~~~^^^
  File "/Users/mac/Desktop/driving_school_saas/venv/lib/python3.13/site-packages/django/core/serializers/json.py", line 114, in default
    return super().default(o)
           ~~~~~~~~~~~~~~~^^^
  File "/usr/local/Cellar/python@3.13/3.13.7/Frameworks/Python.framework/Versions/3.13/lib/python3.13/json/encoder.py", line 180, in default
    raise TypeError(f'Object of type {o.__class__.__name__} '
                    f'is not JSON serializable')
TypeError: Object of type QuerySet is not JSON serializable

During handling of the above exception, another exception occurred:

Traceback (most recent call last):
  File "/Users/mac/Desktop/driving_school_saas/venv/lib/python3.13/site-packages/django/core/handlers/exception.py", line 55, in inner
    response = get_response(request)
  File "/Users/mac/Desktop/driving_school_saas/venv/lib/python3.13/site-packages/debug_toolbar/middleware.py", line 145, in __call__
    return self._postprocess(request, response, toolbar)
           ~~~~~~~~~~~~~~~~~^^^^^^^^^^^^^^^^^^^^^^^^^^^^
  File "/Users/mac/Desktop/driving_school_saas/venv/lib/python3.13/site-packages/debug_toolbar/middleware.py", line 182, in _postprocess
    panel.generate_stats(request, response)
    ~~~~~~~~~~~~~~~~~~~~^^^^^^^^^^^^^^^^^^^
  File "/Users/mac/Desktop/driving_school_saas/venv/lib/python3.13/site-packages/debug_toolbar/panels/cache.py", line 212, in generate_stats
    self.record_stats(
    ~~~~~~~~~~~~~~~~~^
        {
        ^
    ...<7 lines>...
        }
        ^
    )
    ^
  File "/Users/mac/Desktop/driving_school_saas/venv/lib/python3.13/site-packages/debug_toolbar/panels/__init__.py", line 194, in record_stats
    self.toolbar.store.save_panel(
    ~~~~~~~~~~~~~~~~~~~~~~~~~~~~~^
        self.toolbar.request_id, self.panel_id, self.toolbar.stats[self.panel_id]
        ^^^^^^^^^^^^^^^^^^^^^^^^^^^^^^^^^^^^^^^^^^^^^^^^^^^^^^^^^^^^^^^^^^^^^^^^^
    )
    ^
  File "/Users/mac/Desktop/driving_school_saas/venv/lib/python3.13/site-packages/debug_toolbar/store.py", line 118, in save_panel
    cls._request_store[request_id][panel_id] = serialize(data)
                                               ~~~~~~~~~^^^^^^
  File "/Users/mac/Desktop/driving_school_saas/venv/lib/python3.13/site-packages/debug_toolbar/store.py", line 28, in serialize
    return json.dumps(data, cls=DebugToolbarJSONEncoder)
           ~~~~~~~~~~^^^^^^^^^^^^^^^^^^^^^^^^^^^^^^^^^^^
  File "/usr/local/Cellar/python@3.13/3.13.7/Frameworks/Python.framework/Versions/3.13/lib/python3.13/json/__init__.py", line 238, in dumps
    **kw).encode(obj)
          ~~~~~~^^^^^
  File "/usr/local/Cellar/python@3.13/3.13.7/Frameworks/Python.framework/Versions/3.13/lib/python3.13/json/encoder.py", line 200, in encode
    chunks = self.iterencode(o, _one_shot=True)
  File "/usr/local/Cellar/python@3.13/3.13.7/Frameworks/Python.framework/Versions/3.13/lib/python3.13/json/encoder.py", line 261, in iterencode
    return _iterencode(o, 0)
  File "/Users/mac/Desktop/driving_school_saas/venv/lib/python3.13/site-packages/debug_toolbar/store.py", line 21, in default
    return force_str(o)
  File "/Users/mac/Desktop/driving_school_saas/venv/lib/python3.13/site-packages/debug_toolbar/sanitize.py", line 10, in force_str
    return force_string(s, *args, **kwargs)
  File "/Users/mac/Desktop/driving_school_saas/venv/lib/python3.13/site-packages/django/utils/encoding.py", line 69, in force_str
    s = str(s)
  File "/Users/mac/Desktop/driving_school_saas/venv/lib/python3.13/site-packages/django/db/models/query.py", line 365, in __repr__
    return "<%s %r>" % (self.__class__.__name__, data)
                                                 ^^^^
  File "/Users/mac/Desktop/driving_school_saas/venv/lib/python3.13/site-packages/django/db/models/base.py", line 590, in __repr__
    return "<%s: %s>" % (self.__class__.__name__, self)
                                                  ^^^^
TypeError: __str__ returned non-string (type NoneType)
ERROR 2026-01-23 14:21:27,818 log 5067 123145438785536 Internal Server Error: /api/users/register_student
Traceback (most recent call last):
  File "/Users/mac/Desktop/driving_school_saas/venv/lib/python3.13/site-packages/django/core/handlers/exception.py", line 55, in inner
    response = get_response(request)
  File "/Users/mac/Desktop/driving_school_saas/venv/lib/python3.13/site-packages/django/utils/deprecation.py", line 122, in __call__
    response = self.process_response(request, response)
  File "/Users/mac/Desktop/driving_school_saas/venv/lib/python3.13/site-packages/django/middleware/common.py", line 108, in process_response
    return self.response_redirect_class(self.get_full_path_with_slash(request))
                                        ~~~~~~~~~~~~~~~~~~~~~~~~~~~~~^^^^^^^^^
  File "/Users/mac/Desktop/driving_school_saas/venv/lib/python3.13/site-packages/django/middleware/common.py", line 87, in get_full_path_with_slash
    raise RuntimeError(
    ...<9 lines>...
    )
RuntimeError: You called this URL via POST, but the URL doesn't end in a slash and you have APPEND_SLASH set. Django can't redirect to the slash URL while maintaining POST data. Change your form to point to 127.0.0.1:8000/api/users/register_student/ (note the trailing slash), or set APPEND_SLASH=False in your Django settings.
ERROR 2026-01-23 14:21:43,259 log 5067 123145455575040 Internal Server Error: /api/users/register_student
Traceback (most recent call last):
  File "/Users/mac/Desktop/driving_school_saas/venv/lib/python3.13/site-packages/django/core/handlers/exception.py", line 55, in inner
    response = get_response(request)
  File "/Users/mac/Desktop/driving_school_saas/venv/lib/python3.13/site-packages/django/utils/deprecation.py", line 122, in __call__
    response = self.process_response(request, response)
  File "/Users/mac/Desktop/driving_school_saas/venv/lib/python3.13/site-packages/django/middleware/common.py", line 108, in process_response
    return self.response_redirect_class(self.get_full_path_with_slash(request))
                                        ~~~~~~~~~~~~~~~~~~~~~~~~~~~~~^^^^^^^^^
  File "/Users/mac/Desktop/driving_school_saas/venv/lib/python3.13/site-packages/django/middleware/common.py", line 87, in get_full_path_with_slash
    raise RuntimeError(
    ...<9 lines>...
    )
RuntimeError: You called this URL via POST, but the URL doesn't end in a slash and you have APPEND_SLASH set. Django can't redirect to the slash URL while maintaining POST data. Change your form to point to 127.0.0.1:8000/api/users/register_student/ (note the trailing slash), or set APPEND_SLASH=False in your Django settings.
ERROR 2026-01-23 15:20:54,281 log 6261 123145544224768 Internal Server Error: /api/drivingschool/4/students/3
Traceback (most recent call last):
  File "/Users/mac/Desktop/driving_school_saas/venv/lib/python3.13/site-packages/django/core/handlers/exception.py", line 55, in inner
    response = get_response(request)
  File "/Users/mac/Desktop/driving_school_saas/venv/lib/python3.13/site-packages/django/utils/deprecation.py", line 122, in __call__
    response = self.process_response(request, response)
  File "/Users/mac/Desktop/driving_school_saas/venv/lib/python3.13/site-packages/django/middleware/common.py", line 108, in process_response
    return self.response_redirect_class(self.get_full_path_with_slash(request))
                                        ~~~~~~~~~~~~~~~~~~~~~~~~~~~~~^^^^^^^^^
  File "/Users/mac/Desktop/driving_school_saas/venv/lib/python3.13/site-packages/django/middleware/common.py", line 87, in get_full_path_with_slash
    raise RuntimeError(
    ...<9 lines>...
    )
RuntimeError: You called this URL via PATCH, but the URL doesn't end in a slash and you have APPEND_SLASH set. Django can't redirect to the slash URL while maintaining PATCH data. Change your form to point to 127.0.0.1:8000/api/drivingschool/4/students/3/ (note the trailing slash), or set APPEND_SLASH=False in your Django settings.
ERROR 2026-01-23 15:26:28,107 log 6261 123145527435264 Internal Server Error: /api/drivingschool/4/students/3
Traceback (most recent call last):
  File "/Users/mac/Desktop/driving_school_saas/venv/lib/python3.13/site-packages/django/core/handlers/exception.py", line 55, in inner
    response = get_response(request)
  File "/Users/mac/Desktop/driving_school_saas/venv/lib/python3.13/site-packages/django/utils/deprecation.py", line 122, in __call__
    response = self.process_response(request, response)
  File "/Users/mac/Desktop/driving_school_saas/venv/lib/python3.13/site-packages/django/middleware/common.py", line 108, in process_response
    return self.response_redirect_class(self.get_full_path_with_slash(request))
                                        ~~~~~~~~~~~~~~~~~~~~~~~~~~~~~^^^^^^^^^
  File "/Users/mac/Desktop/driving_school_saas/venv/lib/python3.13/site-packages/django/middleware/common.py", line 87, in get_full_path_with_slash
    raise RuntimeError(
    ...<9 lines>...
    )
RuntimeError: You called this URL via PATCH, but the URL doesn't end in a slash and you have APPEND_SLASH set. Django can't redirect to the slash URL while maintaining PATCH data. Change your form to point to 127.0.0.1:8000/api/drivingschool/4/students/3/ (note the trailing slash), or set APPEND_SLASH=False in your Django settings.
ERROR 2026-01-23 15:27:40,468 log 6261 123145577803776 Internal Server Error: /api/users/7
Traceback (most recent call last):
  File "/Users/mac/Desktop/driving_school_saas/venv/lib/python3.13/site-packages/django/core/handlers/exception.py", line 55, in inner
    response = get_response(request)
  File "/Users/mac/Desktop/driving_school_saas/venv/lib/python3.13/site-packages/django/utils/deprecation.py", line 122, in __call__
    response = self.process_response(request, response)
  File "/Users/mac/Desktop/driving_school_saas/venv/lib/python3.13/site-packages/django/middleware/common.py", line 108, in process_response
    return self.response_redirect_class(self.get_full_path_with_slash(request))
                                        ~~~~~~~~~~~~~~~~~~~~~~~~~~~~~^^^^^^^^^
  File "/Users/mac/Desktop/driving_school_saas/venv/lib/python3.13/site-packages/django/middleware/common.py", line 87, in get_full_path_with_slash
    raise RuntimeError(
    ...<9 lines>...
    )
RuntimeError: You called this URL via PATCH, but the URL doesn't end in a slash and you have APPEND_SLASH set. Django can't redirect to the slash URL while maintaining PATCH data. Change your form to point to 127.0.0.1:8000/api/users/7/ (note the trailing slash), or set APPEND_SLASH=False in your Django settings.
ERROR 2026-01-23 15:27:59,698 log 6261 123145561014272 Internal Server Error: /api/users/7
Traceback (most recent call last):
  File "/Users/mac/Desktop/driving_school_saas/venv/lib/python3.13/site-packages/django/core/handlers/exception.py", line 55, in inner
    response = get_response(request)
  File "/Users/mac/Desktop/driving_school_saas/venv/lib/python3.13/site-packages/django/utils/deprecation.py", line 122, in __call__
    response = self.process_response(request, response)
  File "/Users/mac/Desktop/driving_school_saas/venv/lib/python3.13/site-packages/django/middleware/common.py", line 108, in process_response
    return self.response_redirect_class(self.get_full_path_with_slash(request))
                                        ~~~~~~~~~~~~~~~~~~~~~~~~~~~~~^^^^^^^^^
  File "/Users/mac/Desktop/driving_school_saas/venv/lib/python3.13/site-packages/django/middleware/common.py", line 87, in get_full_path_with_slash
    raise RuntimeError(
    ...<9 lines>...
    )
RuntimeError: You called this URL via PATCH, but the URL doesn't end in a slash and you have APPEND_SLASH set. Django can't redirect to the slash URL while maintaining PATCH data. Change your form to point to 127.0.0.1:8000/api/users/7/ (note the trailing slash), or set APPEND_SLASH=False in your Django settings.
ERROR 2026-01-23 15:56:07,772 log 6589 123145516105728 Internal Server Error: /api/studentprofile/3
Traceback (most recent call last):
  File "/Users/mac/Desktop/driving_school_saas/venv/lib/python3.13/site-packages/django/core/handlers/exception.py", line 55, in inner
    response = get_response(request)
  File "/Users/mac/Desktop/driving_school_saas/venv/lib/python3.13/site-packages/django/utils/deprecation.py", line 122, in __call__
    response = self.process_response(request, response)
  File "/Users/mac/Desktop/driving_school_saas/venv/lib/python3.13/site-packages/django/middleware/common.py", line 108, in process_response
    return self.response_redirect_class(self.get_full_path_with_slash(request))
                                        ~~~~~~~~~~~~~~~~~~~~~~~~~~~~~^^^^^^^^^
  File "/Users/mac/Desktop/driving_school_saas/venv/lib/python3.13/site-packages/django/middleware/common.py", line 87, in get_full_path_with_slash
    raise RuntimeError(
    ...<9 lines>...
    )
RuntimeError: You called this URL via PATCH, but the URL doesn't end in a slash and you have APPEND_SLASH set. Django can't redirect to the slash URL while maintaining PATCH data. Change your form to point to 127.0.0.1:8000/api/studentprofile/3/ (note the trailing slash), or set APPEND_SLASH=False in your Django settings.
ERROR 2026-01-23 16:01:33,940 log 6589 123145499316224 Internal Server Error: /api/users/7
Traceback (most recent call last):
  File "/Users/mac/Desktop/driving_school_saas/venv/lib/python3.13/site-packages/django/core/handlers/exception.py", line 55, in inner
    response = get_response(request)
  File "/Users/mac/Desktop/driving_school_saas/venv/lib/python3.13/site-packages/django/utils/deprecation.py", line 122, in __call__
    response = self.process_response(request, response)
  File "/Users/mac/Desktop/driving_school_saas/venv/lib/python3.13/site-packages/django/middleware/common.py", line 108, in process_response
    return self.response_redirect_class(self.get_full_path_with_slash(request))
                                        ~~~~~~~~~~~~~~~~~~~~~~~~~~~~~^^^^^^^^^
  File "/Users/mac/Desktop/driving_school_saas/venv/lib/python3.13/site-packages/django/middleware/common.py", line 87, in get_full_path_with_slash
    raise RuntimeError(
    ...<9 lines>...
    )
RuntimeError: You called this URL via PATCH, but the URL doesn't end in a slash and you have APPEND_SLASH set. Django can't redirect to the slash URL while maintaining PATCH data. Change your form to point to 127.0.0.1:8000/api/users/7/ (note the trailing slash), or set APPEND_SLASH=False in your Django settings.
ERROR 2026-01-23 16:02:32,848 log 6589 123145516105728 Internal Server Error: /api/users/7
Traceback (most recent call last):
  File "/Users/mac/Desktop/driving_school_saas/venv/lib/python3.13/site-packages/django/core/handlers/exception.py", line 55, in inner
    response = get_response(request)
  File "/Users/mac/Desktop/driving_school_saas/venv/lib/python3.13/site-packages/django/utils/deprecation.py", line 122, in __call__
    response = self.process_response(request, response)
  File "/Users/mac/Desktop/driving_school_saas/venv/lib/python3.13/site-packages/django/middleware/common.py", line 108, in process_response
    return self.response_redirect_class(self.get_full_path_with_slash(request))
                                        ~~~~~~~~~~~~~~~~~~~~~~~~~~~~~^^^^^^^^^
  File "/Users/mac/Desktop/driving_school_saas/venv/lib/python3.13/site-packages/django/middleware/common.py", line 87, in get_full_path_with_slash
    raise RuntimeError(
    ...<9 lines>...
    )
RuntimeError: You called this URL via PATCH, but the URL doesn't end in a slash and you have APPEND_SLASH set. Django can't redirect to the slash URL while maintaining PATCH data. Change your form to point to 127.0.0.1:8000/api/users/7/ (note the trailing slash), or set APPEND_SLASH=False in your Django settings.
ERROR 2026-01-23 16:02:50,661 log 6589 123145532895232 Internal Server Error: /api/users/7
Traceback (most recent call last):
  File "/Users/mac/Desktop/driving_school_saas/venv/lib/python3.13/site-packages/django/core/handlers/exception.py", line 55, in inner
    response = get_response(request)
  File "/Users/mac/Desktop/driving_school_saas/venv/lib/python3.13/site-packages/django/utils/deprecation.py", line 122, in __call__
    response = self.process_response(request, response)
  File "/Users/mac/Desktop/driving_school_saas/venv/lib/python3.13/site-packages/django/middleware/common.py", line 108, in process_response
    return self.response_redirect_class(self.get_full_path_with_slash(request))
                                        ~~~~~~~~~~~~~~~~~~~~~~~~~~~~~^^^^^^^^^
  File "/Users/mac/Desktop/driving_school_saas/venv/lib/python3.13/site-packages/django/middleware/common.py", line 87, in get_full_path_with_slash
    raise RuntimeError(
    ...<9 lines>...
    )
RuntimeError: You called this URL via PATCH, but the URL doesn't end in a slash and you have APPEND_SLASH set. Django can't redirect to the slash URL while maintaining PATCH data. Change your form to point to 127.0.0.1:8000/api/users/7/ (note the trailing slash), or set APPEND_SLASH=False in your Django settings.
ERROR 2026-01-23 16:04:18,689 log 6589 123145549684736 Internal Server Error: /api/auth/login
Traceback (most recent call last):
  File "/Users/mac/Desktop/driving_school_saas/venv/lib/python3.13/site-packages/django/core/handlers/exception.py", line 55, in inner
    response = get_response(request)
  File "/Users/mac/Desktop/driving_school_saas/venv/lib/python3.13/site-packages/django/utils/deprecation.py", line 122, in __call__
    response = self.process_response(request, response)
  File "/Users/mac/Desktop/driving_school_saas/venv/lib/python3.13/site-packages/django/middleware/common.py", line 108, in process_response
    return self.response_redirect_class(self.get_full_path_with_slash(request))
                                        ~~~~~~~~~~~~~~~~~~~~~~~~~~~~~^^^^^^^^^
  File "/Users/mac/Desktop/driving_school_saas/venv/lib/python3.13/site-packages/django/middleware/common.py", line 87, in get_full_path_with_slash
    raise RuntimeError(
    ...<9 lines>...
    )
RuntimeError: You called this URL via POST, but the URL doesn't end in a slash and you have APPEND_SLASH set. Django can't redirect to the slash URL while maintaining POST data. Change your form to point to 127.0.0.1:8000/api/auth/login/ (note the trailing slash), or set APPEND_SLASH=False in your Django settings.
ERROR 2026-01-23 16:04:29,244 log 6589 123145499316224 Internal Server Error: /api/auth/login
Traceback (most recent call last):
  File "/Users/mac/Desktop/driving_school_saas/venv/lib/python3.13/site-packages/django/core/handlers/exception.py", line 55, in inner
    response = get_response(request)
  File "/Users/mac/Desktop/driving_school_saas/venv/lib/python3.13/site-packages/django/utils/deprecation.py", line 122, in __call__
    response = self.process_response(request, response)
  File "/Users/mac/Desktop/driving_school_saas/venv/lib/python3.13/site-packages/django/middleware/common.py", line 108, in process_response
    return self.response_redirect_class(self.get_full_path_with_slash(request))
                                        ~~~~~~~~~~~~~~~~~~~~~~~~~~~~~^^^^^^^^^
  File "/Users/mac/Desktop/driving_school_saas/venv/lib/python3.13/site-packages/django/middleware/common.py", line 87, in get_full_path_with_slash
    raise RuntimeError(
    ...<9 lines>...
    )
RuntimeError: You called this URL via POST, but the URL doesn't end in a slash and you have APPEND_SLASH set. Django can't redirect to the slash URL while maintaining POST data. Change your form to point to 127.0.0.1:8000/api/auth/login/ (note the trailing slash), or set APPEND_SLASH=False in your Django settings.
ERROR 2026-01-23 16:04:34,400 log 6589 123145516105728 Internal Server Error: /api/auth/login
Traceback (most recent call last):
  File "/Users/mac/Desktop/driving_school_saas/venv/lib/python3.13/site-packages/django/core/handlers/exception.py", line 55, in inner
    response = get_response(request)
  File "/Users/mac/Desktop/driving_school_saas/venv/lib/python3.13/site-packages/django/utils/deprecation.py", line 122, in __call__
    response = self.process_response(request, response)
  File "/Users/mac/Desktop/driving_school_saas/venv/lib/python3.13/site-packages/django/middleware/common.py", line 108, in process_response
    return self.response_redirect_class(self.get_full_path_with_slash(request))
                                        ~~~~~~~~~~~~~~~~~~~~~~~~~~~~~^^^^^^^^^
  File "/Users/mac/Desktop/driving_school_saas/venv/lib/python3.13/site-packages/django/middleware/common.py", line 87, in get_full_path_with_slash
    raise RuntimeError(
    ...<9 lines>...
    )
RuntimeError: You called this URL via POST, but the URL doesn't end in a slash and you have APPEND_SLASH set. Django can't redirect to the slash URL while maintaining POST data. Change your form to point to 127.0.0.1:8000/api/auth/login/ (note the trailing slash), or set APPEND_SLASH=False in your Django settings.
ERROR 2026-01-23 16:06:41,262 log 6589 123145532895232 Internal Server Error: /api/drivingschool/4
Traceback (most recent call last):
  File "/Users/mac/Desktop/driving_school_saas/venv/lib/python3.13/site-packages/django/core/handlers/exception.py", line 55, in inner
    response = get_response(request)
  File "/Users/mac/Desktop/driving_school_saas/venv/lib/python3.13/site-packages/django/utils/deprecation.py", line 122, in __call__
    response = self.process_response(request, response)
  File "/Users/mac/Desktop/driving_school_saas/venv/lib/python3.13/site-packages/django/middleware/common.py", line 108, in process_response
    return self.response_redirect_class(self.get_full_path_with_slash(request))
                                        ~~~~~~~~~~~~~~~~~~~~~~~~~~~~~^^^^^^^^^
  File "/Users/mac/Desktop/driving_school_saas/venv/lib/python3.13/site-packages/django/middleware/common.py", line 87, in get_full_path_with_slash
    raise RuntimeError(
    ...<9 lines>...
    )
RuntimeError: You called this URL via POST, but the URL doesn't end in a slash and you have APPEND_SLASH set. Django can't redirect to the slash URL while maintaining POST data. Change your form to point to 127.0.0.1:8000/api/drivingschool/4/ (note the trailing slash), or set APPEND_SLASH=False in your Django settings.
ERROR 2026-01-23 16:25:42,650 log 7292 123145446240256 Internal Server Error: /api/users/8
Traceback (most recent call last):
  File "/Users/mac/Desktop/driving_school_saas/venv/lib/python3.13/site-packages/django/core/handlers/exception.py", line 55, in inner
    response = get_response(request)
  File "/Users/mac/Desktop/driving_school_saas/venv/lib/python3.13/site-packages/django/utils/deprecation.py", line 122, in __call__
    response = self.process_response(request, response)
  File "/Users/mac/Desktop/driving_school_saas/venv/lib/python3.13/site-packages/django/middleware/common.py", line 108, in process_response
    return self.response_redirect_class(self.get_full_path_with_slash(request))
                                        ~~~~~~~~~~~~~~~~~~~~~~~~~~~~~^^^^^^^^^
  File "/Users/mac/Desktop/driving_school_saas/venv/lib/python3.13/site-packages/django/middleware/common.py", line 87, in get_full_path_with_slash
    raise RuntimeError(
    ...<9 lines>...
    )
RuntimeError: You called this URL via DELETE, but the URL doesn't end in a slash and you have APPEND_SLASH set. Django can't redirect to the slash URL while maintaining DELETE data. Change your form to point to 127.0.0.1:8000/api/users/8/ (note the trailing slash), or set APPEND_SLASH=False in your Django settings.
ERROR 2026-01-23 16:53:35,171 log 7917 123145470255104 Internal Server Error: /api/users/6/deactivate
Traceback (most recent call last):
  File "/Users/mac/Desktop/driving_school_saas/venv/lib/python3.13/site-packages/django/core/handlers/exception.py", line 55, in inner
    response = get_response(request)
  File "/Users/mac/Desktop/driving_school_saas/venv/lib/python3.13/site-packages/django/utils/deprecation.py", line 122, in __call__
    response = self.process_response(request, response)
  File "/Users/mac/Desktop/driving_school_saas/venv/lib/python3.13/site-packages/django/middleware/common.py", line 108, in process_response
    return self.response_redirect_class(self.get_full_path_with_slash(request))
                                        ~~~~~~~~~~~~~~~~~~~~~~~~~~~~~^^^^^^^^^
  File "/Users/mac/Desktop/driving_school_saas/venv/lib/python3.13/site-packages/django/middleware/common.py", line 87, in get_full_path_with_slash
    raise RuntimeError(
    ...<9 lines>...
    )
RuntimeError: You called this URL via POST, but the URL doesn't end in a slash and you have APPEND_SLASH set. Django can't redirect to the slash URL while maintaining POST data. Change your form to point to 127.0.0.1:8000/api/users/6/deactivate/ (note the trailing slash), or set APPEND_SLASH=False in your Django settings.
ERROR 2026-01-23 17:12:07,704 log 8334 123145523326976 Internal Server Error: /api/users/rate_limit_status/
